days_before_departure,price,seats_left,is_weekend,is_holiday,seat_type,booked
9,288,28,0,1,0,0
32,95,5,1,1,1,1
49,96,113,0,0,0,1
3,155,118,0,0,1,0
44,294,164,1,1,1,1
31,122,129,1,0,0,1
9,127,60,1,0,0,1
26,106,140,0,1,0,0
31,338,176,0,0,0,1
26,85,38,1,0,0,1
40,279,160,1,0,2,1
10,338,7,0,0,0,1
14,274,66,0,1,1,0
54,284,21,0,0,2,1
56,284,29,0,1,1,1
8,147,68,1,0,0,1
1,141,117,0,1,2,1
8,321,41,1,1,1,0
44,218,171,1,1,0,0
36,335,146,1,0,1,0
48,229,58,1,0,0,0
49,146,29,0,0,1,1
43,202,62,1,0,2,0
52,200,39,0,1,1,1
9,380,106,0,0,2,0
32,97,122,1,1,1,0
4,308,39,1,1,2,1
48,285,113,1,0,1,1
20,232,173,0,1,0,1
4,298,46,1,1,1,0
58,370,163,0,0,1,0
2,150,49,0,1,2,1
59,246,66,0,1,0,0
15,102,95,0,0,2,1
9,324,38,1,1,0,1
20,302,139,0,1,2,0
49,88,145,0,1,0,0
7,198,59,0,1,2,1
28,221,96,0,0,1,0
8,173,55,1,1,2,0
50,383,57,1,0,2,1
31,387,22,0,1,1,1
2,303,40,1,1,1,1
43,203,64,0,0,2,0
46,170,41,0,1,2,1
49,230,122,0,0,2,0
55,279,108,0,1,0,1
34,347,21,0,0,2,0
27,363,114,0,0,1,1
9,228,115,1,0,2,0
43,378,171,1,1,1,1
9,197,171,1,1,1,0
38,138,52,1,0,0,1
2,383,39,0,1,0,0
36,140,178,1,0,0,1
15,371,2,0,1,1,0
9,246,178,0,0,0,1
17,373,109,0,0,0,0
27,332,14,1,0,2,1
33,337,27,1,1,0,0
51,320,17,0,1,1,0
36,213,126,1,0,0,0
54,298,136,1,1,1,1
18,243,103,0,0,0,0
25,213,34,0,0,2,1
37,201,98,0,0,1,0
52,137,53,1,0,1,1
39,223,12,1,0,2,0
13,134,77,0,0,2,1
24,81,31,0,0,2,1
24,230,97,0,1,0,0
17,349,76,0,0,2,0
1,275,170,1,0,2,1
46,212,124,1,1,2,1
13,144,144,0,1,0,0
12,235,179,0,1,1,1
52,81,156,0,0,0,1
55,316,165,1,0,1,0
20,124,145,0,1,0,1
59,356,104,0,0,2,0
28,302,142,0,0,1,1
40,104,40,0,1,2,1
23,347,20,0,1,2,1
43,165,91,1,1,0,1
36,272,23,1,0,1,0
45,160,67,0,0,0,0
27,234,136,1,0,2,0
38,167,151,1,0,2,0
31,320,34,1,0,2,0
48,380,146,1,0,1,0
2,236,170,1,1,1,1
34,149,176,1,1,0,0
1,190,31,0,1,0,1
14,200,142,0,0,0,1
50,257,64,0,1,2,0
55,203,145,0,1,1,0
31,87,86,0,0,2,0
13,129,49,0,0,2,1
21,114,61,0,1,2,0
23,135,143,1,1,2,1
28,371,60,0,1,1,0
36,105,11,1,0,2,1
3,265,64,1,1,0,1
16,329,140,0,1,0,1
26,393,114,0,1,1,1
7,245,138,1,0,1,0
20,386,130,1,1,0,1
59,108,129,1,1,2,0
11,107,122,1,1,0,1
4,269,4,1,1,1,1
47,200,115,0,1,2,0
34,89,49,0,1,1,1
57,181,180,0,0,2,0
53,325,1,0,0,2,1
45,342,41,1,0,2,0
35,184,54,0,1,1,0
58,212,6,1,0,2,0
44,149,76,1,1,2,1
14,369,124,1,1,0,0
43,209,61,1,0,2,1
53,367,35,1,0,0,0
1,222,107,1,1,1,1
20,162,170,1,1,2,0
45,101,142,1,0,1,1
15,175,76,1,1,0,1
36,394,129,1,1,1,0
53,285,93,0,1,0,1
39,263,101,0,1,0,0
15,238,22,1,1,0,1
23,305,91,1,1,1,0
27,159,33,1,1,2,0
46,393,173,0,0,1,0
6,189,179,0,1,0,1
8,388,29,0,0,2,0
27,344,94,1,1,2,0
9,195,43,0,0,0,1
59,320,5,1,0,2,0
42,143,143,1,1,0,1
14,233,124,1,0,2,0
27,308,15,0,1,1,0
45,182,80,0,0,2,0
3,381,78,0,0,2,1
43,307,134,1,1,1,1
22,311,140,0,0,1,0
6,124,95,0,1,2,1
28,269,101,0,1,1,0
59,198,117,1,1,0,1
15,132,158,0,1,2,1
34,124,28,1,1,0,1
49,295,37,0,1,1,0
43,190,47,0,1,0,0
51,145,30,0,1,0,1
15,113,53,1,0,0,1
17,372,43,1,0,1,1
27,393,153,0,0,2,0
18,367,140,1,1,0,1
56,196,95,1,1,0,1
3,336,86,1,1,1,0
47,366,69,1,1,1,0
34,216,178,1,1,0,1
10,100,149,0,0,0,1
47,329,69,0,1,0,1
44,153,116,1,1,1,1
30,360,125,1,1,0,1
10,176,37,1,0,0,1
48,288,93,1,1,2,0
58,300,128,1,1,2,1
13,400,78,1,0,2,0
49,321,60,0,0,1,0
11,244,3,1,1,2,1
24,280,14,0,0,0,0
55,303,158,1,1,0,1
46,98,168,1,0,2,1
21,355,86,1,1,2,0
36,198,79,1,1,1,1
16,241,127,1,0,1,1
49,242,38,1,1,2,1
21,370,46,1,1,2,0
6,347,67,0,1,0,1
42,119,65,1,1,0,0
52,392,103,1,0,1,0
50,314,52,1,1,2,1
53,358,70,1,1,1,1
3,136,162,0,0,0,1
52,187,47,0,1,0,1
15,379,170,0,0,1,0
48,200,180,0,0,2,0
40,371,117,0,1,2,0
3,197,167,0,1,0,1
14,364,113,1,0,0,1
53,259,144,0,1,2,1
1,339,149,1,0,1,1
59,169,76,1,1,0,0
23,396,170,1,0,0,0
59,88,84,0,1,0,1
10,171,128,0,1,1,0
52,192,34,1,1,1,1
60,369,34,1,1,0,1
16,393,153,1,1,1,0
57,285,46,0,0,0,0
46,335,156,0,1,0,1
29,343,43,1,1,1,0
19,361,82,1,0,1,1
48,258,152,0,1,1,0
57,169,131,1,0,0,0
38,125,158,1,1,0,1
19,219,152,0,1,1,1
41,105,86,1,0,1,1
16,196,99,0,1,1,0
52,253,50,1,0,1,1
57,200,13,0,0,1,1
48,353,17,0,0,2,0
14,322,111,1,1,2,1
15,83,138,0,1,1,0
7,309,87,0,1,0,0
12,118,27,0,1,0,1
35,174,14,0,1,1,0
28,137,168,0,0,1,1
18,316,85,0,1,0,1
3,240,161,0,0,2,0
57,248,10,0,1,0,0
50,145,69,0,0,0,1
53,139,67,0,0,1,1
52,259,16,0,1,2,0
50,115,120,0,0,0,0
52,175,176,1,1,1,0
18,313,15,1,0,0,1
51,235,166,0,0,2,1
32,102,112,0,0,2,0
60,311,22,1,0,2,0
23,362,156,1,0,2,0
47,335,143,1,1,0,1
44,236,90,0,0,1,1
36,374,152,1,1,0,1
27,363,36,1,1,2,1
2,174,173,0,1,1,1
29,84,29,1,0,0,1
34,287,28,1,0,1,0
53,180,89,0,1,1,1
24,80,178,1,1,2,1
6,201,79,0,1,0,0
39,83,108,1,0,0,0
46,273,97,0,0,1,1
58,260,73,0,1,1,1
6,361,47,0,1,2,1
22,340,116,1,0,0,1
25,99,65,1,0,1,1
31,255,51,1,1,1,1
31,175,18,0,0,0,0
41,343,54,1,1,1,0
19,250,160,0,0,0,0
15,228,175,1,0,2,1
24,256,34,1,1,2,1
46,215,62,0,0,2,0
11,141,91,0,0,1,1
22,251,85,1,1,0,1
32,306,14,1,1,0,1
57,191,142,1,1,2,0
4,356,83,0,0,0,1
24,397,99,1,1,0,0
34,371,60,1,1,0,0
28,242,107,0,1,1,1
5,352,38,0,1,1,0
58,135,133,0,1,0,1
37,256,72,0,1,0,0
46,144,91,0,1,1,0
31,135,64,0,1,1,0
52,222,85,0,0,2,0
55,175,141,0,1,0,0
37,336,14,1,0,2,0
46,203,53,0,1,1,0
35,186,100,1,0,2,0
21,375,108,1,1,1,1
16,131,21,0,0,0,0
4,375,66,1,0,2,1
1,102,1,1,1,2,1
27,355,160,1,1,2,0
51,117,125,0,1,1,0
11,174,97,1,1,1,1
26,302,158,0,1,2,1
50,176,92,0,1,2,0
51,231,98,1,1,0,1
38,345,70,1,1,0,1
5,331,19,1,0,2,1
30,211,29,0,1,2,0
27,139,16,1,1,2,1
48,355,101,0,0,0,0
41,239,39,1,1,1,0
9,300,178,1,1,2,1
36,331,150,0,0,2,0
3,139,70,0,0,0,1
34,373,126,0,0,0,1
48,243,74,1,0,1,0
25,130,161,1,0,2,1
29,140,22,0,1,2,1
59,229,39,1,0,0,0
32,356,57,0,1,2,0
15,245,100,1,0,1,1
17,324,78,1,0,0,0
31,322,118,1,0,1,0
5,219,74,0,0,1,0
47,246,15,0,0,1,0
49,225,33,0,0,2,1
6,116,94,1,1,2,1
57,147,179,1,0,0,1
54,342,158,1,0,0,0
22,121,78,1,1,2,0
49,142,128,0,1,2,1
38,360,22,0,1,2,0
34,370,44,1,1,0,1
50,96,68,1,0,0,0
38,399,154,0,1,1,1
22,349,67,0,1,2,0
43,331,95,0,0,2,0
58,94,135,1,1,2,1
19,370,99,1,1,1,1
53,219,8,1,1,1,0
57,118,68,0,1,1,0
42,303,135,1,1,2,0
4,299,72,1,0,0,1
40,276,27,1,1,0,1
42,220,71,1,0,2,0
38,200,122,0,0,2,1
60,122,11,1,0,1,1
55,306,176,0,0,2,0
1,90,79,0,0,1,0
21,290,174,0,1,0,0
39,261,9,1,0,0,0
10,111,86,1,1,1,0
52,274,67,0,0,2,0
49,131,137,0,1,0,1
39,212,111,0,0,2,0
9,126,50,1,0,0,1
21,168,166,1,0,0,1
8,114,87,0,1,0,1
40,320,65,1,1,0,1
32,249,109,1,1,2,1
12,163,125,0,1,0,0
9,294,73,1,1,0,1
9,221,150,0,0,2,0
1,370,154,0,0,0,1
52,114,167,1,0,2,1
15,100,12,1,1,1,0
27,200,26,1,1,0,1
23,379,88,0,1,1,0
34,336,63,1,0,0,0
15,89,36,1,1,0,0
19,88,113,0,1,0,0
31,151,62,1,1,0,0
3,86,84,1,1,1,1
20,259,177,1,0,2,1
37,154,122,0,1,2,0
23,161,89,0,1,2,1
43,315,166,1,1,0,1
41,277,26,0,1,1,0
55,102,147,1,0,2,1
30,222,8,1,0,2,1
10,232,130,1,1,2,1
37,221,30,1,1,2,0
8,151,9,1,1,2,0
24,132,173,1,0,0,1
23,217,146,0,0,2,0
7,191,95,0,0,2,0
9,307,23,0,0,1,1
7,322,19,1,1,2,1
5,128,10,1,1,0,1
32,92,88,0,0,1,1
33,293,170,0,1,2,1
52,287,12,1,0,1,1
8,150,161,1,0,2,0
46,175,57,1,1,1,1
53,348,124,0,1,0,0
54,271,53,1,0,0,1
7,220,13,1,0,2,0
55,104,27,0,0,1,1
44,220,34,1,1,0,1
7,381,143,1,0,1,1
24,261,90,1,1,1,0
2,338,110,1,0,2,1
37,173,120,1,1,0,1
58,118,123,0,1,0,0
57,175,55,0,0,1,0
52,356,107,1,1,0,0
43,220,153,0,1,2,0
5,380,135,0,1,2,1
33,395,52,0,0,1,1
26,140,124,0,0,2,0
29,296,80,0,0,1,0
3,161,122,0,0,0,1
57,341,143,1,0,1,0
14,375,117,1,1,1,1
17,225,81,1,0,0,0
53,287,145,1,1,0,1
21,109,173,1,1,1,0
44,109,2,0,1,1,1
25,337,152,0,0,2,0
51,371,8,0,1,0,1
14,162,170,1,1,1,0
3,240,51,1,0,2,0
40,82,61,0,1,0,1
46,375,171,0,1,0,0
1,87,46,1,0,0,1
41,145,68,1,1,2,1
49,91,96,0,0,1,1
59,220,18,1,1,0,1
56,197,143,1,0,2,0
52,271,176,1,0,0,0
11,181,69,0,1,1,1
28,129,108,1,1,0,0
22,378,45,0,1,0,0
5,145,108,1,1,1,1
8,218,151,0,1,0,1
60,121,11,1,1,1,1
7,386,22,1,0,1,1
42,120,23,1,1,0,1
55,336,103,0,0,0,0
60,175,32,1,0,0,0
2,342,59,0,0,1,0
18,398,106,0,0,2,1
45,328,131,1,1,1,0
53,308,129,0,1,0,0
2,351,45,1,0,2,0
29,348,64,1,1,1,0
36,344,150,1,0,2,1
31,353,166,0,1,0,0
20,359,102,0,0,2,0
23,242,11,0,0,1,1
47,270,130,1,1,0,0
13,304,172,0,0,2,1
4,274,163,0,1,2,0
33,164,59,1,0,2,0
26,110,73,1,0,1,0
37,240,117,0,1,2,1
9,195,57,0,0,2,0
12,315,27,0,1,2,0
8,326,92,1,1,1,1
27,352,68,1,1,0,1
10,293,46,1,1,0,0
54,175,177,1,1,0,1
28,207,122,0,1,0,0
30,185,89,0,1,0,0
51,218,123,0,0,0,1
29,125,52,0,1,2,0
55,248,44,0,1,1,1
7,297,175,0,1,0,0
7,204,37,0,1,1,0
28,335,171,1,0,0,1
30,148,142,0,0,0,1
54,193,68,1,0,0,0
14,160,15,1,0,0,1
49,397,44,0,0,1,1
44,335,35,1,0,1,1
44,267,120,1,1,2,0
36,107,109,1,0,2,1
46,319,48,0,0,2,1
30,260,44,0,1,2,0
2,377,71,0,0,2,0
51,267,26,1,1,0,0
31,366,159,1,0,0,1
3,193,155,0,1,1,0
23,186,10,1,1,2,0
31,358,123,0,0,2,0
3,299,138,1,0,2,1
5,288,83,0,0,1,0
46,310,145,0,0,1,0
53,178,149,0,0,0,0
14,240,174,0,1,2,0
17,178,4,0,1,0,1
25,363,97,1,1,1,0
55,160,148,0,1,1,0
45,262,152,0,1,2,0
24,395,78,1,0,1,0
46,105,81,1,0,0,1
50,383,152,1,0,0,1
13,219,40,0,0,1,0
1,319,35,1,0,2,0
15,87,69,0,1,2,1
7,235,34,1,0,1,1
27,127,56,1,0,1,1
53,342,57,1,0,0,1
33,223,48,0,0,2,1
57,170,56,0,1,2,1
37,210,177,1,1,1,1
17,218,68,1,1,1,1
18,89,96,1,0,1,1
21,199,177,1,1,2,0
29,330,112,0,0,0,0
47,139,78,0,1,1,1
58,104,87,1,1,2,1
16,303,147,0,1,2,0
20,80,97,0,0,0,1
3,104,143,1,0,2,1
58,278,4,1,1,0,1
27,161,127,0,1,1,0
43,249,97,0,1,0,0
36,107,131,1,1,2,1
34,200,47,0,1,1,1
41,351,68,1,0,0,0
36,219,150,0,0,2,0
37,373,95,1,1,1,1
58,164,5,0,0,1,1
53,177,40,0,0,0,1
18,185,106,0,0,2,1
60,389,176,0,1,2,0
52,397,138,0,1,0,1
41,244,60,1,0,0,1
5,267,43,0,0,0,1
14,85,12,0,1,0,1
24,157,119,0,1,1,0
1,127,146,0,1,2,0
30,249,111,0,0,0,0
21,334,50,1,0,1,0
13,231,132,0,0,0,1
42,224,43,1,1,2,1
21,246,143,1,1,2,0
33,134,122,1,1,1,1
40,98,168,0,0,0,1
6,191,43,1,0,0,1
29,267,44,1,0,0,0
46,163,11,0,1,1,0
48,132,57,0,1,1,0
60,314,58,0,1,1,1
48,198,90,0,1,1,1
3,281,60,0,1,0,1
41,213,117,0,1,1,0
37,164,135,1,0,2,1
18,81,78,1,0,2,0
20,143,62,0,0,0,0
54,138,85,0,0,1,0
16,138,60,0,0,2,0
25,346,105,1,1,0,1
19,195,110,1,0,0,0
20,123,34,0,0,2,1
35,227,2,0,0,1,1
58,142,7,0,1,1,0
4,194,151,0,1,2,1
10,346,45,1,1,0,0
3,387,127,0,1,0,0
34,121,74,0,0,0,0
46,365,96,1,0,0,0
45,227,26,1,0,1,1
40,223,125,1,1,0,0
51,363,48,0,1,2,1
53,179,133,0,0,1,0
20,207,67,1,1,2,0
48,390,110,1,0,2,1
9,138,77,0,1,0,1
56,209,47,0,0,2,0
47,210,10,0,1,0,0
25,299,172,1,0,2,0
58,362,118,0,0,0,0
20,389,48,1,1,0,0
11,391,161,1,1,2,0
18,275,79,1,0,2,1
57,128,14,1,0,0,1
42,290,104,1,1,0,1
59,396,164,0,1,0,0
58,237,135,1,1,2,1
33,249,4,1,1,2,0
55,329,159,0,1,1,1
9,276,72,1,0,1,0
40,200,50,1,0,1,0
10,123,120,0,0,2,0
60,153,178,0,1,1,1
13,218,58,1,1,0,1
34,312,106,0,0,2,0
25,265,16,0,1,1,0
58,315,156,1,0,0,0
3,195,167,1,1,1,1
37,99,114,0,1,1,0
21,200,151,1,1,2,1
60,163,68,0,1,2,0
59,315,43,0,1,0,0
22,398,63,1,1,0,1
50,170,160,1,0,0,0
22,311,57,1,0,1,0
39,335,49,0,0,2,0
2,352,6,1,1,2,0
4,363,158,0,1,2,0
42,236,101,1,1,0,1
26,263,76,0,1,1,0
11,400,5,1,0,0,1
28,185,24,0,0,1,0
15,291,34,0,0,1,0
2,304,136,1,1,2,1
19,179,179,0,1,0,1
45,378,72,1,1,0,0
31,263,12,0,0,2,1
45,122,58,1,1,0,1
24,146,14,1,0,1,0
60,167,106,0,1,2,0
32,106,85,0,0,2,0
2,273,132,1,1,2,1
19,257,77,1,1,2,1
5,380,22,0,1,2,1
8,324,170,1,0,0,0
36,138,9,1,1,2,0
8,125,97,1,0,2,0
29,213,126,0,0,2,0
4,298,102,1,1,0,1
3,338,3,1,1,2,1
40,385,39,1,1,0,0
33,279,28,0,1,2,0
34,249,14,0,0,2,1
24,379,78,1,0,0,0
40,336,144,0,0,2,1
35,281,81,0,1,2,0
23,324,5,0,1,1,0
9,280,113,0,0,2,0
30,203,4,0,1,0,0
10,349,103,0,1,0,1
38,270,53,0,1,2,0
36,317,154,0,1,1,0
2,127,86,1,1,2,1
21,307,109,0,1,1,1
28,223,61,1,0,1,0
7,251,160,1,0,2,1
55,177,143,0,0,2,1
10,380,44,0,1,1,1
34,330,140,1,1,1,1
3,139,32,1,0,1,1
18,159,106,0,1,2,1
54,346,97,0,1,0,0
24,149,93,0,1,2,0
53,191,130,0,0,0,0
51,155,31,1,0,2,0
24,296,146,1,0,0,0
48,153,145,1,0,1,0
52,92,153,0,0,2,0
12,132,134,1,1,1,0
42,234,164,0,1,0,0
45,311,32,1,0,2,0
23,265,139,0,0,2,0
59,167,150,0,1,0,0
50,270,66,1,0,1,1
3,91,99,1,1,1,1
48,114,29,1,0,0,1
27,125,173,0,0,2,0
14,149,83,1,1,2,1
30,132,30,1,0,0,1
37,245,85,0,0,2,1
22,316,13,0,0,0,1
4,245,70,0,1,2,1
11,115,97,0,1,2,1
34,344,3,1,0,1,0
60,241,85,1,1,0,1
12,333,145,1,0,0,0
15,294,168,1,0,1,0
45,240,67,1,1,0,1
37,336,162,1,1,1,0
35,320,18,1,0,0,0
31,231,118,1,0,2,1
42,326,136,1,1,2,1
52,296,151,0,0,2,0
47,123,62,1,0,2,0
19,277,50,1,1,1,1
21,300,147,0,0,0,1
26,348,144,1,1,0,0
56,159,101,0,0,0,0
20,116,76,0,1,0,0
58,100,119,0,1,2,0
41,236,129,0,1,1,0
6,367,138,0,0,0,0
40,130,99,0,1,1,1
21,337,114,0,0,2,0
14,232,178,1,0,0,1
31,268,34,1,1,2,1
24,290,46,1,0,0,0
46,221,175,0,1,1,0
11,265,143,1,1,1,1
37,137,167,0,0,0,0
28,359,4,1,0,0,0
50,280,74,1,0,1,0
10,151,75,1,1,1,0
14,131,52,1,0,0,0
3,369,119,1,1,2,1
39,128,36,0,1,2,1
32,308,151,0,1,0,0
40,264,149,0,1,1,0
12,135,129,1,1,2,0
35,268,169,0,0,2,0
8,126,24,1,1,2,1
39,193,167,1,1,2,0
8,258,127,0,1,1,0
53,274,34,1,0,0,1
11,186,134,0,0,0,0
26,287,173,1,0,1,0
56,396,29,0,1,2,1
22,230,106,0,1,1,0
44,394,123,1,0,1,1
11,247,135,1,0,2,0
6,163,46,1,0,1,0
37,222,110,1,1,1,0
3,89,88,0,0,1,0
47,290,76,1,1,2,1
6,235,37,0,0,2,0
9,210,110,1,1,0,1
28,225,111,0,1,2,0
37,167,36,1,0,1,0
56,212,91,0,1,0,0
15,346,99,0,0,1,0
22,343,10,0,0,2,0
54,209,134,0,1,0,0
36,222,28,1,0,0,1
23,206,166,0,0,1,0
29,184,55,1,1,0,1
10,376,34,1,1,2,1
56,352,134,0,1,1,0
52,375,122,1,1,0,1
36,158,45,0,0,2,1
19,398,148,0,1,2,1
60,362,1,1,1,2,1
52,362,33,0,1,0,1
25,345,140,1,1,0,0
38,80,98,1,1,2,0
7,110,102,0,1,2,1
58,164,72,0,0,0,0
51,177,142,0,0,0,0
55,138,21,0,1,2,1
50,241,170,1,0,2,1
31,163,94,0,0,0,0
11,260,10,1,1,0,0
12,184,157,0,0,1,0
41,80,115,1,0,1,1
30,103,148,1,1,1,1
3,397,171,1,0,0,0
49,242,7,0,1,1,1
57,184,63,1,1,2,0
47,80,148,0,1,1,1
41,149,135,1,0,0,1
52,269,158,1,0,2,0
25,172,140,0,0,0,0
44,330,15,0,0,2,1
50,241,76,0,0,2,1
17,283,130,0,0,1,0
59,255,141,1,1,2,1
31,225,105,0,0,2,0
11,316,99,0,0,0,0
27,86,52,1,1,2,0
24,223,85,0,1,0,1
37,324,104,1,1,0,1
27,264,129,1,0,0,0
3,120,69,1,0,2,0
54,124,17,0,0,0,1
49,267,18,0,1,1,0
29,311,133,1,0,1,1
28,207,177,1,1,0,0
10,301,67,1,0,2,1
49,141,163,1,1,2,1
21,92,48,0,1,0,1
59,302,87,1,1,0,0
48,250,127,1,0,2,0
18,113,59,1,1,1,1
18,147,23,0,1,2,1
15,379,58,1,1,1,1
33,143,100,0,1,2,0
49,211,94,1,0,2,1
42,177,153,0,0,1,1
26,84,177,0,1,2,1
54,233,143,0,0,1,1
6,212,167,0,1,0,0
45,305,83,0,0,0,0
57,308,130,0,1,1,1
39,199,110,1,1,1,1
6,249,8,0,0,2,1
57,369,1,0,0,1,1
55,377,33,0,1,0,0
10,382,135,0,1,1,0
43,85,148,0,1,1,1
15,189,179,1,1,2,0
11,98,38,0,0,2,0
42,315,24,1,0,0,0
42,240,56,0,0,1,0
4,343,132,0,0,2,0
35,202,125,1,1,2,0
14,366,83,1,1,0,1
51,184,118,1,0,0,1
34,223,26,0,0,2,1
29,368,171,0,0,2,0
49,149,27,1,0,0,1
46,138,90,0,1,0,0
50,250,2,1,0,1,0
13,95,47,0,0,1,0
12,84,63,1,1,0,0
5,97,156,1,1,2,1
54,89,174,0,0,2,0
55,351,176,0,1,1,0
15,186,174,0,0,1,1
44,129,63,1,0,2,0
26,92,83,0,1,1,0
46,394,92,1,0,2,0
55,216,102,0,1,1,0
28,261,52,1,1,0,1
16,283,33,0,0,0,1
17,91,55,0,1,2,1
48,323,38,1,0,1,0
34,244,136,1,0,2,0
10,251,21,1,1,0,1
44,212,96,1,1,0,1
52,364,65,1,1,2,0
16,315,166,1,1,0,1
49,258,87,0,0,1,1
8,90,66,0,0,1,1
27,258,103,0,0,0,1
19,171,77,1,1,0,1
30,267,17,0,1,0,0
25,288,57,1,0,2,0
4,260,88,0,1,0,1
24,243,17,1,1,2,0
1,271,19,0,1,0,0
35,270,57,0,0,1,1
13,294,173,1,0,2,1
29,224,103,1,0,1,0
52,253,134,0,0,1,0
15,244,6,1,1,1,1
46,392,34,0,1,0,1
34,296,137,0,1,1,0
34,332,55,0,0,1,1
49,269,24,0,1,2,1
46,164,166,0,1,2,0
22,239,138,0,0,2,1
41,214,80,1,0,0,0
15,337,154,0,0,1,0
46,228,5,0,0,1,0
60,132,6,1,1,0,1
2,237,99,1,0,0,0
56,369,128,0,0,0,1
12,145,37,1,1,0,1
40,208,135,0,0,2,1
32,316,90,0,0,2,1
35,269,102,1,1,2,0
23,200,163,0,1,2,0
35,214,126,1,1,0,1
2,385,24,1,0,1,1
1,247,82,0,1,0,0
41,167,121,1,0,0,0
23,197,42,0,0,1,0
35,179,173,0,0,1,0
55,267,130,0,0,0,1
53,197,5,1,1,0,1
45,278,125,0,1,1,0
46,199,158,0,0,1,0
38,394,30,0,1,0,1
17,90,11,0,1,1,1
25,240,56,1,0,1,0
33,276,139,1,1,2,0
10,329,138,0,1,2,0
48,360,119,1,0,0,0
36,179,11,1,1,2,1
36,148,44,0,0,0,1
21,298,59,0,1,1,1
40,136,168,1,1,0,1
29,102,146,0,1,0,0
46,227,93,1,0,1,1
1,157,41,0,0,2,0
23,364,153,1,1,2,1
34,372,47,1,1,0,1
11,163,81,0,1,2,0
7,398,158,1,1,0,1
24,275,73,0,0,1,0
10,98,125,1,0,2,1
3,399,144,1,0,0,1
60,286,117,1,1,0,1
5,132,143,1,0,0,0
31,399,69,1,1,1,1
7,356,129,1,1,1,0
15,232,31,1,1,1,1
6,138,65,0,1,1,1
34,262,130,0,1,2,0
54,232,11,1,1,1,1
7,176,55,0,1,2,1
4,96,76,0,0,0,1
59,241,86,0,1,0,0
26,254,22,0,0,1,0
31,300,14,1,0,1,0
35,261,82,1,1,2,0
12,386,149,1,1,1,0
22,149,115,1,0,0,1
28,238,32,0,1,1,1
45,187,143,1,0,2,0
41,277,22,0,1,0,0
16,347,99,0,1,0,0
28,377,114,0,1,1,0
14,251,53,0,0,1,1
52,122,110,0,0,2,1
55,362,68,0,0,0,1
31,345,105,1,1,2,1
43,252,18,0,0,0,0
1,225,103,1,0,1,0
14,388,40,0,1,1,0
29,132,4,1,1,2,1
6,189,115,0,0,1,1
25,140,163,1,1,2,1
45,338,123,1,1,1,0
28,396,111,1,1,0,1
41,91,28,0,1,2,1
11,392,81,1,1,0,0
46,98,168,1,1,0,1
15,164,162,0,1,2,1
1,90,48,1,1,2,0
45,186,177,0,0,1,0
21,131,64,0,1,0,0
33,156,127,1,0,0,0
60,363,80,0,1,2,0
30,358,72,1,1,0,1
15,239,121,0,1,0,1
55,188,61,0,1,1,0
8,102,110,1,0,1,0
37,203,119,1,0,2,0
6,377,47,0,1,2,1
50,345,62,1,1,0,0
42,364,92,1,0,0,0
7,159,108,0,0,2,0
6,87,71,0,1,1,1
23,302,69,1,1,0,0
48,231,9,1,1,0,1
8,155,92,1,1,2,1
22,87,91,0,0,1,1
49,248,110,1,1,0,1
25,95,118,1,0,1,1
4,332,7,1,0,2,1
40,344,167,0,1,2,0
33,104,24,0,0,2,0
55,220,42,1,0,1,1
32,257,66,1,1,1,1
34,337,143,1,0,0,0
60,385,91,1,0,1,0
46,205,158,1,1,2,1
50,394,106,1,0,2,0
7,375,52,1,0,1,0
20,348,180,0,0,1,1
56,93,115,0,1,2,1
4,209,180,1,1,1,1
26,98,171,1,1,0,1
54,261,117,0,0,0,0
29,165,31,0,1,2,0
43,85,39,1,0,0,0
26,175,175,0,0,1,0
24,159,47,1,0,0,1
18,215,178,0,1,0,1
27,278,81,1,0,0,0
38,224,57,0,0,1,0
25,177,165,0,1,1,0
31,112,24,0,1,1,1
17,362,41,0,1,1,0
52,366,89,0,0,0,1
39,319,110,1,1,0,0
48,367,71,0,0,2,0
20,116,117,1,0,2,0
38,216,121,1,1,1,1
10,172,162,1,0,0,0
60,178,173,0,0,1,0
16,251,129,1,1,0,1
23,302,87,0,1,0,0
13,368,115,1,1,1,1
39,162,123,1,1,0,1
14,344,2,0,0,2,0
19,165,38,0,1,1,0
3,308,149,0,1,2,1
35,304,131,0,1,1,0
27,275,139,1,0,2,1
60,395,106,0,0,0,0
37,240,31,1,0,1,0
48,187,81,0,0,1,0
15,393,14,1,1,1,1
32,205,56,0,1,2,0
13,360,54,0,0,1,1
51,271,54,1,0,1,1
35,95,72,1,0,0,1
26,145,148,0,0,0,1
29,227,118,1,0,2,0
36,275,93,0,0,2,0
13,308,161,1,0,0,0
32,161,162,1,1,1,0
3,287,175,0,0,2,1
28,291,27,0,0,1,0
23,211,34,0,0,1,1
57,366,147,0,0,0,0
41,284,126,0,1,0,1
48,226,60,0,1,1,0
52,153,104,1,0,1,1
39,324,93,1,0,1,1
7,364,95,1,1,0,0
11,120,77,0,1,0,1
57,152,141,0,0,0,0
5,197,166,1,1,2,1
31,97,57,1,0,1,1
27,215,86,0,0,0,0
48,165,108,1,0,1,0
39,244,148,0,1,1,0
47,160,164,0,1,0,1
25,87,156,1,0,1,0
15,230,2,1,1,0,0
53,199,34,1,0,2,0
48,164,55,1,1,1,1
33,156,96,1,1,1,0
43,107,4,1,1,0,1
7,160,166,1,0,2,1
40,244,11,1,0,0,1
15,207,31,0,0,0,1
26,168,122,0,0,2,0
53,80,10,0,0,2,0
43,84,65,1,1,0,1
48,269,85,1,0,0,1
2,103,87,1,1,2,1
51,311,116,0,0,1,0
8,193,46,0,1,2,0
46,289,58,1,0,1,0
12,95,41,1,0,1,0
38,111,170,0,0,1,0
15,228,110,1,1,1,0
57,308,160,1,1,0,1
12,212,88,1,0,1,1
22,223,22,1,1,0,1
24,81,127,1,1,0,1
12,214,126,1,0,1,1
52,152,128,0,1,1,0
23,206,78,0,0,0,0
1,245,69,1,0,0,1
55,95,56,0,0,0,1
11,357,172,1,0,2,0
56,256,83,1,0,2,1
38,192,35,0,0,2,1
27,89,111,1,1,2,1
5,348,155,0,1,1,0
46,372,64,0,1,0,1
43,271,143,0,1,1,1
4,148,39,1,0,2,1
27,286,63,0,1,0,0
5,343,95,0,0,0,0
59,228,131,0,0,1,0
12,173,157,1,0,0,0
10,119,101,1,1,2,0
49,329,29,1,1,0,1
59,130,174,0,0,2,1
45,89,153,1,0,0,0
47,165,78,0,1,2,0
48,345,88,1,1,0,1
32,340,108,0,0,2,1
8,226,3,1,0,2,0
42,291,64,1,1,0,1
57,148,163,0,1,2,1
51,370,119,1,1,0,1
53,367,95,0,0,1,0
49,208,9,0,0,2,0
38,231,14,0,1,2,0
1,182,46,1,0,1,0
51,310,37,1,0,1,1
5,177,77,1,1,2,0
34,149,22,0,1,1,1
49,95,32,0,0,2,1
22,219,148,0,0,1,0
29,197,96,1,1,1,0
55,189,10,1,1,2,0
33,196,163,0,0,1,0
37,322,163,0,1,2,0
20,227,16,0,0,2,0
46,259,127,0,0,0,0
39,256,33,1,0,2,0
18,196,116,0,0,0,0
20,288,97,1,1,1,1
9,383,44,0,1,0,0
40,373,47,1,0,1,1
40,152,162,0,1,1,0
33,394,1,1,0,0,0
11,190,155,0,1,0,1
28,223,108,1,0,1,1
60,276,43,0,0,0,0
51,193,139,1,1,1,0
24,345,33,1,1,2,1
48,145,69,1,1,1,1
1,259,157,1,1,0,1
31,145,165,0,1,2,1
27,341,93,0,1,1,0
48,237,42,0,1,1,0
8,181,109,0,0,2,0
37,217,58,0,1,0,0
56,288,31,0,0,0,1
59,137,49,1,0,1,0
59,355,65,1,0,0,0
60,225,110,1,0,2,0
54,136,31,0,0,1,0
8,176,43,1,0,1,0
7,312,134,1,1,2,1
15,349,18,0,1,1,0
56,191,3,1,0,2,1
59,129,158,1,1,2,1
4,294,93,1,0,0,0
38,310,71,1,1,0,0
31,125,88,1,0,1,1
49,168,81,1,0,0,1
14,279,138,0,1,2,0
45,138,166,1,0,1,1
23,262,88,1,0,2,0
55,283,153,0,0,1,0
55,238,156,1,0,2,0
6,143,152,1,0,0,0
45,185,96,0,1,2,0
53,311,134,0,0,2,0
28,209,100,0,0,0,1
49,119,118,1,0,1,1
19,284,27,1,0,2,0
41,319,10,0,0,1,1
11,217,80,1,0,2,1
38,387,50,0,0,0,1
36,100,111,0,0,0,1
40,91,58,1,1,1,1
57,277,119,0,0,1,1
30,240,82,0,0,1,0
7,358,110,0,1,1,1
9,83,93,1,1,2,1
14,332,49,1,0,2,0
6,356,91,1,1,0,0
3,206,74,0,1,1,1
44,327,138,1,1,2,1
15,331,88,1,1,0,1
42,143,113,0,0,0,1
24,235,118,0,1,1,0
8,169,134,1,0,0,0
46,175,42,1,1,2,0
2,223,145,0,0,2,0
55,234,160,0,0,1,0
35,153,147,0,0,0,0
50,200,127,1,1,0,1
22,183,174,0,0,2,0
31,393,70,0,1,2,0
44,221,150,0,0,0,0
22,257,35,0,0,0,0
22,109,22,1,0,2,1
1,104,16,1,1,2,1
45,317,58,0,1,1,1
42,325,120,0,0,1,1
49,358,160,1,0,1,0
51,133,58,0,1,2,1
46,147,41,0,1,1,1
54,87,150,1,0,0,1
15,195,164,1,1,2,0
47,137,170,1,0,0,1
37,348,78,1,0,1,0
5,219,141,0,0,2,0
23,254,15,0,0,0,0
1,353,154,1,1,1,0
28,120,16,0,1,0,1
46,336,69,0,0,2,1
42,247,100,0,0,1,1
10,253,43,1,1,1,0
2,154,64,1,1,1,1
34,388,175,1,1,1,0
13,352,153,1,1,1,1
10,395,88,0,1,2,0
35,335,25,1,1,2,1
26,167,74,1,1,2,0
12,184,8,0,1,2,1
44,116,178,1,0,0,1
8,200,3,0,0,2,0
40,280,114,1,0,0,1
38,134,152,1,1,1,1
37,120,84,1,0,0,1
17,107,120,1,0,1,1
32,265,41,0,1,2,1
38,189,3,0,0,2,1
28,181,120,1,0,1,1
39,197,37,1,0,0,1
50,135,164,1,0,1,0
38,132,51,0,0,2,1
25,253,108,0,0,1,1
15,215,6,1,0,1,1
6,178,76,0,1,0,0
52,331,139,0,1,0,0
24,365,145,0,1,1,1
41,346,14,0,1,1,1
50,207,83,1,1,1,1
38,336,43,1,0,1,0
34,357,61,1,0,0,0
5,400,101,0,1,1,0
60,312,7,1,1,0,0
26,382,53,1,0,0,0
6,293,13,1,1,2,1
24,173,90,1,0,0,0
7,232,18,1,0,0,1
59,80,172,0,1,2,0
50,154,51,0,0,0,1
35,157,14,0,1,2,0
12,178,14,1,0,0,1
15,216,146,0,0,2,1
59,99,67,1,1,1,1
17,384,85,0,0,1,0
46,212,1,0,1,0,0
52,166,178,1,0,2,1
11,371,93,1,0,2,1
28,178,12,0,0,0,0
5,261,69,0,0,0,1
48,287,83,1,0,1,1
45,305,159,1,1,0,0
5,366,176,1,1,2,0
19,191,11,1,1,0,0
51,285,75,1,0,1,0
15,175,81,1,0,1,0
32,80,4,0,0,2,0
55,245,8,1,1,0,1
26,245,7,1,0,0,1
5,266,77,1,0,0,1
24,206,42,1,1,0,1
2,194,123,1,1,0,1
52,173,37,0,0,2,1
5,376,152,1,0,0,0
12,172,54,0,1,1,0
45,339,7,0,0,2,0
3,177,99,1,0,0,1
28,174,155,1,1,1,1
18,379,66,0,0,1,1
12,340,154,1,1,0,1
33,156,112,0,0,1,0
55,386,120,1,1,1,1
39,215,44,0,1,2,0
2,305,20,1,1,1,1
15,278,32,0,0,1,0
13,348,23,1,0,1,0
9,399,170,1,1,0,1
23,281,132,1,0,1,0
52,297,86,1,0,2,0
45,100,128,1,1,2,1
41,335,18,1,1,1,1
30,350,133,0,1,2,0
21,109,49,0,0,2,0
24,290,159,0,1,0,0
58,139,9,1,0,2,0
49,255,148,1,0,0,1
6,336,54,0,1,2,1
46,188,117,1,0,2,0
49,147,113,1,1,1,1
20,271,133,0,0,0,0
41,205,53,0,0,1,0
21,168,49,0,0,2,1
31,365,11,1,0,0,1
14,111,6,0,0,2,0
17,237,85,1,1,1,1
30,149,137,1,1,1,1
9,347,61,1,1,2,0
25,311,11,1,0,0,1
32,217,45,1,0,2,1
2,319,15,0,1,0,1
28,160,16,1,0,1,0
55,353,68,0,0,2,1
39,328,103,0,0,1,0
9,315,165,1,1,1,0
18,273,120,1,1,0,1
17,269,97,1,1,1,0
55,225,56,0,1,2,0
55,399,32,1,0,1,1
60,87,143,0,1,2,0
12,314,166,0,0,0,0
32,338,97,1,1,0,1
35,170,140,1,1,2,0
28,266,176,0,1,2,0
52,316,87,1,1,0,0
58,253,42,0,0,0,0
20,308,127,1,0,2,1
60,140,95,0,0,1,1
54,326,59,1,0,0,0
37,129,73,1,0,2,1
28,158,169,1,1,1,1
58,337,86,1,0,1,1
29,196,178,0,1,2,0
21,116,11,0,0,2,1
43,389,35,1,0,0,1
35,138,102,1,1,0,1
30,373,143,1,1,0,1
24,104,58,1,0,0,1
41,185,161,0,1,2,1
53,222,103,0,0,1,0
55,143,162,1,0,0,1
24,389,10,0,1,1,0
8,169,100,0,1,0,1
33,143,75,0,1,1,1
33,287,118,1,0,0,0
30,286,92,1,1,0,1
32,86,111,0,1,0,1
35,83,149,0,1,1,1
47,191,41,1,1,1,1
35,106,76,0,1,0,0
49,206,160,1,1,0,0
45,341,173,0,0,0,0
24,170,86,1,1,0,0
47,165,101,1,0,0,1
34,165,117,1,0,2,0
13,203,22,1,1,0,0
11,354,96,1,0,1,0
27,147,14,1,0,1,0
27,227,123,0,0,0,1
16,344,138,0,1,2,1
19,200,88,0,1,1,1
10,238,106,0,0,1,0
24,116,119,1,1,1,1
49,290,42,0,0,2,1
27,316,43,1,0,0,0
56,348,103,0,0,1,0
58,110,87,0,0,1,1
33,400,99,0,0,1,1
44,184,58,1,0,0,0
15,140,8,1,1,2,1
17,174,159,0,0,2,0
50,196,46,1,1,0,0
11,152,63,0,1,2,0
47,127,71,1,0,0,1
15,325,46,0,1,1,1
43,289,150,0,1,2,0
44,387,180,0,0,0,1
4,338,67,1,1,1,1
24,217,104,1,1,1,0
11,161,18,1,0,0,0
44,349,132,0,1,1,1
35,366,86,1,1,0,0
4,369,165,0,0,0,1
4,90,50,0,1,2,1
44,311,81,1,0,0,1
39,347,168,1,1,0,0
8,123,164,0,0,2,0
44,205,34,0,1,0,1
24,159,31,0,1,2,0
4,302,69,0,0,0,0
2,272,32,1,1,1,1
51,287,167,0,1,1,1
54,214,135,1,0,0,0
30,271,4,0,0,2,0
53,245,138,1,0,0,1
25,362,72,0,0,0,0
22,310,121,1,0,1,0
20,313,41,1,1,2,1
54,189,74,0,1,2,0
7,137,8,1,0,0,1
14,183,56,1,0,0,0
33,198,165,0,0,0,1
26,264,135,1,1,2,1
30,350,92,0,1,2,1
52,311,9,0,1,1,0
50,215,120,0,0,0,1
54,208,8,0,1,0,1
17,363,152,1,1,0,1
21,120,104,0,1,0,0
34,97,95,0,1,0,0
39,260,136,1,1,0,1
41,180,42,0,1,1,0
30,247,34,1,0,0,1
54,277,157,0,1,0,0
58,211,174,0,1,1,0
54,126,85,0,0,0,1
8,128,142,0,0,0,1
18,170,139,1,0,1,0
48,140,77,1,1,0,1
52,186,163,0,1,2,0
7,268,137,1,0,0,0
22,354,16,1,0,1,1
46,217,71,0,0,1,1
22,335,83,0,0,0,0
39,154,163,1,0,0,0
22,188,120,0,0,2,0
40,163,28,1,1,1,1
56,303,38,1,0,2,1
3,339,107,1,1,2,0
14,142,142,0,0,0,0
30,385,116,0,1,2,0
28,256,10,1,0,0,0
23,103,144,0,1,0,1
17,126,105,1,0,2,1
28,224,59,0,0,0,1
27,259,40,1,1,2,0
3,287,99,0,1,2,1
38,236,120,0,1,2,0
25,338,149,0,0,2,0
56,178,52,0,0,0,1
27,234,172,0,0,1,1
15,106,129,1,1,0,1
60,122,129,0,0,2,1
12,117,62,0,1,1,1
27,197,111,0,0,2,1
54,208,172,0,0,1,1
29,267,47,1,1,1,0
47,251,133,0,0,1,1
2,293,113,1,0,2,1
5,295,106,0,1,2,0
10,324,38,1,0,2,1
60,391,37,0,0,1,1
42,159,55,1,1,1,0
14,349,45,0,1,0,1
27,253,19,1,1,0,1
16,281,14,1,1,0,1
15,260,168,1,1,1,1
34,235,7,0,0,0,0
7,83,71,0,0,2,1
15,266,84,1,1,1,1
31,264,3,0,1,1,0
20,159,99,1,0,0,0
25,379,32,0,0,0,0
41,302,47,1,0,2,0
40,204,44,0,0,0,1
5,296,127,0,1,2,0
37,397,169,1,1,0,0
25,324,173,0,1,2,1
60,191,47,0,1,1,0
3,101,3,0,0,2,1
58,100,16,0,0,0,1
5,274,147,0,1,0,1
41,189,96,1,1,2,1
10,232,175,0,0,0,0
59,260,179,1,1,2,0
8,105,75,0,0,2,1
28,257,71,1,1,1,1
45,161,103,1,1,2,1
49,82,153,0,0,2,1
55,112,24,0,0,0,1
20,369,176,1,0,0,0
40,355,111,1,0,1,1
50,330,103,1,0,1,0
44,184,108,0,1,0,1
26,376,169,0,0,0,1
20,155,39,0,1,0,1
23,249,9,1,1,2,1
57,338,113,0,0,2,1
42,376,27,0,0,0,0
16,149,158,1,1,2,0
6,352,148,0,1,1,1
22,194,156,1,1,0,1
3,291,165,0,0,2,1
54,262,27,0,0,1,0
53,322,77,0,1,2,1
51,392,116,0,1,0,1
21,360,68,0,1,0,1
18,306,6,0,0,0,0
38,278,121,1,0,2,0
58,138,17,0,1,1,0
37,123,55,0,1,1,1
21,182,39,0,0,1,0
14,242,7,1,0,0,1
51,176,92,0,0,0,0
4,378,48,0,0,1,0
2,301,22,1,0,1,1
15,147,144,0,0,0,0
46,386,157,0,1,2,0
57,315,45,1,0,0,1
5,88,7,0,1,1,1
16,189,106,1,1,1,0
57,102,88,1,0,0,1
55,137,14,1,0,2,0
59,227,12,1,0,2,1
33,280,171,1,0,0,1
11,297,22,1,0,1,1
48,144,129,0,0,2,1
16,193,159,0,1,0,1
49,202,66,1,1,2,0
1,96,84,0,1,0,1
57,319,164,0,0,1,0
22,135,66,1,1,2,1
4,224,10,1,0,1,1
17,81,126,1,1,0,1
26,168,174,1,1,2,1
23,200,141,0,0,2,0
56,376,65,1,0,0,0
45,360,125,0,0,0,0
60,268,18,0,1,0,1
33,318,172,1,1,2,0
27,299,160,1,0,2,0
37,117,86,1,1,2,0
14,399,58,0,1,1,1
32,359,79,0,1,0,1
4,131,73,0,1,0,1
43,300,118,1,0,2,1
50,223,139,1,1,2,1
19,105,179,0,1,2,1
2,244,170,1,0,1,0
60,252,174,1,0,2,1
43,325,12,1,0,2,0
22,280,44,1,1,0,0
14,378,31,0,1,2,0
20,186,79,0,1,0,0
7,84,84,1,1,2,1
32,191,75,0,0,2,0
39,103,92,1,1,2,1
27,81,18,1,0,0,1
43,135,34,0,1,0,1
30,323,70,1,0,1,1
6,338,35,1,0,2,0
8,348,92,0,1,0,1
23,192,110,1,0,2,1
21,225,46,1,1,2,1
43,346,101,0,0,1,0
11,268,3,1,0,2,1
10,380,159,0,1,0,1
17,207,162,0,0,2,1
45,205,78,1,0,0,1
52,103,173,1,0,0,1
54,351,157,0,0,0,0
26,197,58,0,0,0,1
25,202,159,0,1,1,0
7,378,173,0,1,2,0
29,135,93,0,1,0,0
24,169,124,1,0,0,1
47,250,151,0,1,2,0
46,185,31,0,0,0,0
29,171,39,1,0,2,1
52,103,171,1,0,2,0
53,123,163,0,0,1,1
57,100,101,1,1,1,1
43,186,171,1,1,1,0
46,87,25,1,1,1,1
48,320,138,1,1,1,0
56,271,108,0,1,2,1
58,128,73,1,1,1,1
48,200,140,1,1,1,1
8,269,164,1,0,0,1
5,213,52,1,0,2,1
60,383,112,1,0,2,0
15,107,63,1,0,0,1
18,252,63,0,0,2,0
17,308,176,1,1,1,0
11,108,18,1,1,2,1
49,362,87,0,0,1,0
37,241,63,1,0,2,0
24,297,122,1,1,1,0
36,236,19,1,1,0,1
5,357,118,0,1,1,0
45,211,4,0,0,1,1
32,303,92,0,1,2,0
55,238,7,1,1,2,1
37,397,35,0,0,1,0
28,159,133,0,1,0,1
56,114,58,0,1,0,1
8,209,49,0,1,2,0
51,239,45,0,1,0,1
3,131,173,1,1,1,1
55,398,48,0,1,1,0
30,233,98,0,0,0,0
57,234,61,1,1,2,1
31,377,115,1,1,2,1
4,357,39,1,1,0,1
26,316,105,0,1,2,1
21,336,60,0,0,1,0
7,162,105,0,0,2,0
54,219,47,1,1,0,0
46,93,122,0,1,1,0
53,366,173,0,1,1,0
58,208,3,1,1,0,0
13,184,75,1,1,1,0
49,161,141,1,0,1,1
10,343,34,1,0,0,1
3,363,26,0,1,0,1
46,348,176,1,1,2,1
53,125,73,1,0,1,1
16,101,167,1,0,0,0
42,199,57,0,0,2,0
56,109,34,1,1,1,0
23,130,169,1,1,0,1
45,178,44,0,0,2,1
18,238,26,0,1,0,0
25,196,134,0,0,0,0
31,114,60,1,0,2,0
25,240,131,1,0,1,0
35,210,159,1,0,2,0
14,225,25,1,0,0,0
34,95,136,1,0,0,1
53,399,144,0,1,1,0
43,95,33,0,0,0,1
11,366,135,1,0,2,0
59,289,58,0,1,1,0
8,341,86,0,1,1,0
38,304,153,0,0,2,0
29,100,96,1,1,1,1
52,299,153,0,1,0,1
44,238,72,1,1,1,0
56,151,32,0,1,1,0
60,219,139,0,1,2,1
16,247,2,1,0,0,1
44,344,105,0,1,2,1
51,288,2,1,1,2,1
21,311,161,1,1,0,1
15,144,29,0,1,0,1
34,219,162,1,0,1,0
11,230,24,0,1,2,1
8,389,45,0,1,0,0
29,123,26,1,1,0,1
19,384,50,1,0,2,0
36,83,109,1,0,0,0
19,237,56,0,1,2,0
44,146,32,1,0,2,1
17,93,34,1,1,2,1
29,358,35,0,1,1,0
45,331,86,1,0,1,0
43,177,92,1,0,0,0
28,200,168,1,1,1,1
26,385,123,1,0,2,1
22,167,29,1,0,2,0
18,389,84,0,1,0,0
29,217,105,1,1,2,0
53,95,167,0,0,0,0
53,106,134,1,1,2,1
29,103,17,0,1,1,0
46,315,61,0,1,2,1
7,174,160,1,1,1,0
49,396,29,0,1,0,1
26,393,167,1,0,1,0
28,400,52,1,1,0,1
1,267,15,0,1,2,1
30,133,170,0,1,2,1
11,338,80,0,0,0,1
6,121,89,1,1,0,1
20,356,134,0,0,0,0
31,129,163,0,0,0,0
24,185,161,1,1,1,0
35,171,169,0,1,1,1
31,393,1,0,1,1,1
54,118,55,0,0,1,1
20,400,29,0,1,1,0
20,389,11,1,0,1,0
6,335,152,0,0,0,0
39,342,45,1,1,1,1
41,187,9,0,0,0,0
18,182,6,1,1,1,1
24,117,132,1,0,1,1
25,193,29,0,0,0,0
53,123,126,1,0,2,0
53,266,44,0,1,2,0
13,264,136,1,0,1,0
50,326,41,1,1,2,1
48,341,84,0,1,1,0
60,283,25,0,1,2,0
41,260,118,1,1,2,0
18,266,67,1,0,0,1
19,304,57,0,0,1,1
53,269,49,0,1,1,1
14,87,158,1,1,2,1
60,200,92,1,1,2,0
19,317,17,0,0,0,1
19,97,110,1,0,1,1
32,156,30,1,1,0,1
15,377,40,1,1,1,0
24,128,25,0,0,0,1
47,318,96,1,0,1,1
51,378,16,1,1,2,1
31,191,147,0,1,2,0
57,339,111,0,0,1,0
8,232,91,0,1,1,1
37,233,128,1,0,1,1
44,341,93,1,0,0,0
2,161,98,1,1,0,1
33,360,145,1,0,0,1
41,204,131,0,1,2,1
41,223,67,0,0,1,1
50,187,177,0,0,0,0
22,105,118,1,1,1,0
12,265,49,0,0,0,0
39,206,173,0,1,2,1
35,181,100,1,1,2,0
39,167,147,1,1,2,0
44,376,90,1,0,1,1
43,267,22,0,0,1,0
11,304,46,1,1,1,0
10,278,169,1,1,1,1
33,292,65,1,0,1,1
24,198,5,0,1,1,1
55,155,164,1,0,2,0
12,278,152,0,1,0,1
8,400,134,1,0,1,0
23,167,47,0,0,1,1
17,138,122,0,1,0,0
31,248,58,1,1,0,1
1,119,160,0,0,2,1
11,242,98,1,0,0,1
15,193,36,1,1,1,1
9,96,96,0,1,2,0
39,271,88,0,1,2,1
56,207,115,0,1,0,0
22,138,48,1,0,0,1
36,167,60,0,0,2,0
57,287,131,0,1,2,1
33,199,16,0,1,1,1
10,242,98,1,0,0,1
29,127,35,1,0,0,1
55,179,9,1,0,1,1
14,124,126,0,0,1,1
17,168,72,0,0,1,0
58,367,122,1,0,2,0
52,198,60,1,0,2,1
11,352,155,1,1,1,1
11,386,113,0,1,2,0
19,203,62,1,0,2,1
11,395,61,0,1,2,0
31,93,174,0,0,0,1
53,360,40,0,0,0,1
3,339,154,1,1,2,1
12,225,153,0,0,1,1
37,158,119,0,0,2,1
58,297,147,1,0,2,1
41,394,141,1,1,1,1
33,233,32,1,1,2,1
44,250,123,1,0,0,1
44,253,73,1,1,0,1
24,175,178,0,0,1,0
10,307,51,0,0,0,0
11,93,128,1,1,1,0
26,153,23,1,0,1,0
24,216,155,1,1,0,1
12,109,64,0,0,1,1
37,173,110,1,0,0,1
38,232,39,0,1,2,1
16,204,1,0,0,2,1
21,253,24,0,0,0,0
18,172,158,1,0,2,0
59,365,127,1,1,0,0
26,346,73,1,0,1,1
42,286,91,1,0,1,1
12,221,82,0,0,0,1
49,364,136,1,0,2,1
8,366,139,1,1,2,1
13,97,3,1,0,0,1
23,147,153,1,1,1,1
3,91,3,0,0,1,1
20,260,99,0,0,1,1
32,179,2,1,1,2,0
57,232,104,1,1,2,1
10,378,85,1,1,0,0
46,315,49,0,1,1,0
51,218,18,0,1,1,1
58,283,8,1,1,2,1
35,104,95,0,1,0,0
32,209,69,1,1,0,0
18,357,163,1,1,0,1
19,259,167,0,1,0,1
14,320,89,1,1,2,1
9,261,86,1,1,2,0
27,363,167,1,1,2,1
57,117,79,1,0,1,1
19,344,96,0,0,1,1
2,130,81,0,0,0,1
13,273,71,1,0,1,1
31,329,20,1,0,2,1
30,345,112,1,1,1,1
55,248,161,1,0,1,0
15,359,31,0,1,1,0
55,136,52,1,0,2,1
16,368,10,1,0,1,0
2,263,8,1,1,2,1
56,128,81,0,1,0,0
49,220,65,1,0,1,0
55,292,173,0,1,1,1
15,286,168,0,0,2,0
59,193,6,1,0,1,0
38,215,75,1,0,0,0
24,400,179,0,1,1,0
50,302,138,1,1,2,0
49,164,113,0,1,1,1
58,171,134,1,0,2,1
43,119,133,0,0,0,1
21,229,119,1,1,1,0
34,325,75,1,1,0,0
50,290,122,1,0,0,0
51,213,92,1,1,0,1
20,354,70,1,0,2,0
25,85,66,1,1,2,1
52,396,39,1,0,1,1
2,224,10,1,0,1,0
39,111,151,1,1,2,0
32,258,23,0,0,0,0
45,379,17,0,1,0,1
28,277,123,0,1,0,0
1,293,123,0,1,1,1
36,211,11,1,0,1,0
10,129,166,0,0,1,0
40,106,157,0,0,1,1
30,87,18,1,0,2,0
48,105,30,0,1,1,0
58,290,180,1,1,0,1
27,355,18,0,1,1,0
20,297,65,1,1,1,0
3,100,163,1,0,1,1
50,140,175,1,1,2,1
26,374,64,1,0,0,0
1,159,27,0,0,1,1
43,90,51,1,1,0,1
25,357,88,1,0,0,1
9,212,12,0,0,2,0
39,226,97,0,0,1,1
39,178,105,1,0,0,1
35,211,45,1,1,0,0
41,156,143,1,0,0,0
39,89,171,1,1,0,0
33,163,106,1,1,0,1
1,210,146,0,1,0,0
56,358,68,1,0,1,0
50,199,22,0,0,2,1
49,315,29,0,1,0,1
33,246,73,1,1,0,1
13,329,165,1,0,0,1
51,264,3,1,0,2,1
5,318,51,0,1,1,0
27,304,156,0,0,2,0
32,101,128,1,0,1,1
5,165,41,1,0,1,1
56,137,98,1,0,2,0
13,315,141,1,1,2,0
25,387,79,1,1,0,0
56,173,115,0,1,1,0
25,307,112,0,1,1,0
8,227,91,1,1,0,1
31,168,77,1,0,1,1
35,352,27,1,1,0,0
46,388,3,0,0,1,0
48,355,79,1,0,2,0
17,264,55,0,1,2,0
34,163,107,0,0,0,1
58,196,132,1,0,1,1
49,88,151,1,1,1,1
55,253,12,0,1,2,0
55,368,68,1,1,2,1
30,294,48,0,0,1,1
58,314,179,1,1,1,0
43,315,137,1,1,0,0
1,231,47,1,1,0,1
30,301,142,1,0,0,0
1,383,113,0,0,1,0
7,208,18,1,1,2,0
34,293,95,0,0,1,0
40,259,175,1,1,2,1
33,225,16,0,1,0,0
4,377,180,0,0,0,0
28,292,52,1,1,1,0
14,340,11,0,1,1,1
33,349,139,1,1,0,0
16,310,78,1,0,2,1
14,387,142,1,1,2,1
56,339,159,0,0,1,0
30,328,92,1,0,2,0
11,161,127,0,0,0,0
41,287,177,0,1,0,1
50,173,151,1,1,2,0
56,376,174,1,0,1,0
11,272,145,1,0,1,1
45,305,149,0,1,0,0
57,113,64,1,0,1,0
19,168,119,0,1,0,1
34,102,129,1,0,1,0
34,184,124,0,0,0,1
52,193,131,0,1,1,1
60,356,70,1,1,2,0
20,356,106,0,1,0,1
55,238,165,1,0,2,0
14,284,150,1,1,1,0
51,230,170,0,0,1,0
33,301,157,1,0,1,0
37,205,134,1,0,1,0
46,129,56,0,0,1,0
36,232,82,1,1,1,1
19,300,34,1,0,0,1
50,147,143,1,0,0,1
14,249,26,1,0,2,0
48,228,33,0,0,0,0
19,251,82,0,1,1,1
42,158,173,1,0,2,1
25,211,170,1,0,1,0
59,146,147,0,1,0,1
58,375,170,1,0,0,1
60,277,82,1,0,2,1
55,285,130,0,1,2,0
35,82,48,0,1,0,1
5,173,24,0,0,2,1
48,398,136,0,1,2,0
4,196,10,0,0,0,0
34,305,62,1,0,0,1
24,298,129,0,1,0,0
38,154,105,1,1,1,0
26,330,26,0,0,2,1
7,367,67,0,1,1,0
33,256,48,0,0,0,0
13,369,118,0,1,1,1
24,95,78,0,1,1,1
6,395,71,0,0,0,0
47,341,44,1,1,1,0
47,381,18,0,0,0,1
22,369,122,0,0,0,1
2,215,128,0,0,2,0
3,343,21,0,0,2,1
45,357,177,0,1,1,1
22,83,7,1,0,1,0
25,365,85,1,0,2,1
30,338,107,0,0,1,0
36,276,25,0,0,2,0
48,131,51,1,1,1,0
36,172,17,0,0,0,0
27,186,176,0,0,0,0
41,313,30,0,1,2,0
47,220,156,0,1,2,0
45,123,72,0,1,1,1
51,223,68,1,0,1,0
3,209,56,0,0,1,1
38,155,9,1,1,1,0
31,151,69,1,0,1,1
40,82,91,0,1,0,0
54,232,13,1,1,2,0
37,273,167,0,0,2,0
15,302,31,1,0,1,0
16,197,3,1,0,2,0
44,127,108,0,1,0,1
42,345,153,1,0,0,1
8,296,168,1,0,2,0
55,125,26,1,1,2,1
42,387,178,0,1,2,0
45,312,157,0,1,1,0
13,297,46,1,1,2,1
22,125,73,1,1,1,1
40,211,158,0,1,0,0
45,162,161,1,0,0,0
40,331,61,0,1,0,0
57,255,108,0,1,0,0
36,160,152,0,0,1,1
54,135,57,0,1,1,1
2,389,124,1,1,0,1
46,88,13,0,1,0,1
40,332,74,0,0,0,0
22,185,68,0,0,2,0
20,86,136,1,0,0,0
34,193,162,0,1,2,1
2,90,71,1,0,0,1
43,337,85,0,1,1,1
33,391,157,0,0,0,0
25,384,4,1,1,0,0
52,193,86,0,1,1,0
4,216,124,1,1,2,1
53,347,27,1,1,2,1
39,190,4,0,1,1,0
32,204,9,1,1,2,0
12,265,46,0,0,0,1
32,149,90,0,1,1,1
24,262,145,1,0,1,0
49,351,77,0,0,0,0
52,265,100,0,0,0,0
11,378,49,1,1,2,0
2,162,29,1,0,1,1
1,104,57,0,1,1,1
41,259,78,0,0,0,0
25,269,14,0,0,0,1
55,270,114,0,1,2,0
30,103,127,0,0,1,1
58,274,75,0,1,0,1
27,195,55,1,0,0,1
57,89,99,0,1,0,0
52,196,154,1,1,0,1
19,89,159,1,1,0,1
45,139,73,0,1,2,0
8,352,95,1,1,2,0
48,115,146,1,0,0,1
1,234,23,1,1,1,0
16,275,83,0,0,2,0
16,273,179,0,1,2,0
22,345,164,0,0,0,1
57,236,118,0,0,0,0
15,235,2,0,1,2,0
27,393,165,0,1,1,0
16,357,168,0,0,0,0
11,106,150,0,0,1,0
19,273,178,1,0,2,0
45,352,4,0,1,2,0
1,287,147,0,0,0,1
38,203,45,1,1,1,1
52,120,81,0,0,2,0
11,110,35,0,0,2,1
17,265,102,0,0,2,1
34,169,73,0,0,0,0
39,225,33,1,0,0,1
18,98,117,1,0,2,1
47,339,2,0,0,1,0
36,389,160,1,1,1,0
15,391,123,0,0,0,1
52,266,8,0,0,1,0
45,388,37,0,1,1,0
5,206,27,1,0,0,1
46,354,33,1,0,0,1
50,183,107,1,0,0,0
25,351,26,0,1,0,0
2,101,165,0,0,0,1
40,377,125,1,1,0,0
55,359,87,1,1,2,0
56,287,37,1,1,2,1
23,107,160,0,0,1,1
31,152,39,0,1,2,0
42,365,176,0,0,0,0
32,305,97,1,0,1,1
35,88,160,0,1,2,0
37,223,103,0,1,0,0
2,157,109,1,1,2,1
24,203,25,1,0,2,1
12,218,145,0,1,1,0
44,216,175,0,0,1,0
53,211,52,1,0,1,1
44,133,100,1,0,0,1
6,359,137,0,1,0,1
30,137,171,0,0,1,1
51,147,95,1,1,2,1
2,129,115,0,0,2,0
39,310,105,0,1,1,1
47,305,54,1,0,0,0
22,247,169,0,0,2,0
30,156,47,0,0,1,0
47,118,101,1,0,1,1
56,187,72,0,0,2,0
31,199,49,1,0,0,1
54,340,34,1,0,2,0
8,400,128,0,1,2,0
37,82,58,0,1,0,0
5,294,23,1,1,2,0
14,287,2,0,1,1,0
28,361,166,1,1,1,0
10,175,35,1,0,1,1
24,308,162,1,1,2,0
41,231,141,1,1,0,0
37,207,70,0,1,0,0
53,257,92,0,1,1,0
45,298,101,0,0,2,0
35,341,151,1,0,2,0
16,228,136,1,0,0,0
41,396,27,1,0,2,0
58,120,162,0,0,0,1
29,120,79,0,0,2,0
48,104,111,1,1,2,1
27,138,81,0,1,0,1
47,256,13,1,1,2,1
21,386,1,1,1,0,0
7,352,54,1,1,0,0
18,168,57,1,1,2,0
35,105,177,1,0,0,0
38,379,134,0,1,0,1
44,222,57,1,0,2,0
19,381,5,0,1,1,0
50,182,168,0,1,1,1
29,385,94,0,1,2,1
37,171,54,0,0,0,0
9,127,4,1,1,0,1
18,382,66,0,0,2,0
18,289,138,1,0,2,1
7,102,43,0,1,2,1
56,336,123,0,0,0,1
46,101,13,0,0,0,1
47,135,27,1,1,1,1
49,298,8,0,1,0,0
16,123,41,1,1,2,0
31,237,137,0,1,2,0
46,359,136,0,0,2,0
4,257,85,0,1,1,0
17,384,161,1,1,0,0
45,212,15,0,0,1,0
15,193,37,0,0,1,0
60,200,76,1,1,0,0
13,263,158,1,1,0,1
19,296,15,1,1,0,0
14,94,166,0,0,1,1
15,245,6,0,1,1,0
60,89,90,0,1,2,0
56,337,63,1,0,1,0
2,322,58,1,0,0,1
10,256,149,1,0,0,0
4,330,12,1,0,2,0
15,91,125,0,1,0,1
30,121,15,1,1,1,1
31,250,148,0,0,1,0
49,243,50,1,1,0,1
37,157,117,0,0,0,0
20,164,24,1,1,2,0
53,129,8,1,1,1,1
47,114,90,1,0,1,1
35,195,91,1,1,1,1
6,347,155,1,0,1,0
31,328,80,0,1,1,1
58,89,135,0,1,0,1
47,209,54,0,1,0,1
17,166,119,1,0,0,1
58,183,15,0,0,2,0
17,396,113,1,0,0,1
11,101,10,0,1,1,0
17,271,5,1,1,2,0
8,156,96,0,1,0,1
13,337,119,0,1,1,0
28,112,81,1,0,0,1
31,182,3,0,1,2,0
21,144,90,1,0,2,1
57,144,52,0,0,1,1
60,331,98,1,1,1,0
45,83,2,1,1,0,0
48,168,9,1,0,2,0
30,366,166,1,1,1,0
49,184,80,1,0,2,1
55,181,90,0,0,0,0
7,208,175,1,0,0,1
51,204,127,1,1,0,1
36,243,150,0,0,0,0
42,306,167,1,0,0,0
16,113,81,0,1,2,1
28,343,174,1,0,2,0
32,216,178,0,1,2,0
8,97,92,0,0,0,1
53,359,42,0,0,1,0
14,124,157,1,1,1,1
55,183,74,0,0,2,0
52,248,98,0,1,0,0
30,209,134,0,0,2,0
38,123,166,0,1,0,1
12,357,36,1,1,0,1
44,340,161,1,1,2,0
60,325,22,0,1,2,0
32,199,44,1,0,0,1
2,91,69,0,0,0,0
42,107,19,1,0,1,0
2,193,140,0,0,1,0
49,194,136,1,0,0,1
28,157,57,1,1,2,0
50,366,33,0,0,1,0
17,182,112,0,1,1,1
12,327,68,1,0,2,1
55,338,22,1,0,1,0
8,93,74,1,0,1,0
33,105,77,1,1,2,0
6,127,27,1,1,1,1
59,159,63,1,1,2,0
32,107,124,1,0,1,1
8,198,88,0,1,1,0
37,99,94,0,1,2,1
32,97,81,1,0,2,0
9,154,120,0,1,2,0
43,364,7,0,0,0,1
44,333,82,1,0,2,0
17,375,157,0,0,2,1
47,317,70,0,0,2,1
3,94,103,1,1,0,1
4,340,164,1,1,1,1
44,355,6,1,0,2,1
44,92,86,0,1,1,1
18,247,123,0,0,1,0
59,159,167,1,1,1,0
54,395,30,0,1,1,0
44,142,152,1,0,2,0
19,325,74,0,1,1,0
60,283,34,0,0,0,0
4,331,160,1,1,0,1
51,289,126,0,1,2,0
28,169,171,1,1,1,0
31,81,173,1,1,0,0
46,272,84,1,1,2,0
58,367,11,0,0,2,0
56,121,87,0,0,0,1
24,282,96,1,0,1,0
39,364,139,0,1,0,0
11,166,105,1,0,0,0
4,349,142,1,0,2,1
5,370,44,0,0,1,0
35,149,85,0,1,0,1
16,343,116,0,0,1,0
11,362,123,1,1,2,1
46,111,58,1,0,1,0
3,164,19,0,1,2,1
27,158,156,1,0,0,1
4,127,25,1,1,0,1
30,110,113,0,0,2,0
51,273,54,0,1,2,1
44,319,95,1,0,1,0
26,393,60,0,1,2,0
34,175,47,1,1,0,1
28,163,26,0,0,1,1
32,330,114,1,1,1,0
10,142,44,1,1,0,1
50,172,77,1,1,2,0
37,268,26,1,0,0,0
20,164,56,0,1,1,1
59,85,110,1,1,2,1
17,383,41,0,1,2,1
52,379,49,1,1,2,1
56,384,42,1,0,2,1
19,346,140,0,1,0,1
32,279,154,0,0,2,0
21,187,155,1,1,1,1
60,393,81,1,1,2,1
4,174,35,0,1,1,1
51,168,29,0,1,1,0
4,339,164,0,0,1,0
49,105,165,0,1,0,1
24,266,68,1,1,0,1
15,338,147,0,1,2,0
59,105,153,1,0,0,1
30,393,29,0,1,2,1
34,316,152,0,1,0,1
1,113,86,1,0,0,1
42,163,79,0,0,1,1
38,300,35,1,1,1,1
31,379,6,1,1,2,1
8,107,98,0,1,1,1
22,245,154,1,0,2,0
54,221,123,0,1,0,1
35,189,17,1,0,0,0
27,312,41,1,0,2,0
28,130,98,1,1,2,0
53,181,68,0,0,1,0
31,392,15,0,1,0,1
38,391,51,1,0,0,0
46,384,99,0,1,2,0
8,378,176,1,1,2,1
49,289,77,1,0,1,0
27,380,179,1,0,1,1
20,294,49,0,1,1,1
43,196,47,1,0,2,0
13,257,126,1,0,0,1
59,179,81,1,1,0,0
58,187,97,1,0,0,0
33,184,39,0,0,2,0
57,324,151,0,1,1,1
20,325,33,0,0,2,0
54,135,113,0,1,0,0
20,246,120,0,1,1,1
23,387,75,1,0,0,0
7,205,109,1,1,1,0
9,109,125,1,0,0,1
33,225,59,1,1,0,1
10,369,61,0,0,2,0
30,184,96,1,1,0,1
40,186,144,0,0,0,0
22,330,167,0,0,2,1
3,106,152,1,1,0,1
20,386,128,0,0,2,1
7,122,121,1,0,1,1
19,317,91,1,0,1,0
32,333,24,0,1,1,1
37,363,168,0,0,2,1
23,168,39,0,0,2,0
49,324,73,1,1,0,0
42,81,92,1,0,1,1
6,381,91,0,0,0,0
12,380,90,0,1,0,1
38,298,98,1,0,2,1
13,240,81,0,0,2,0
1,226,39,0,1,1,1
23,218,31,0,1,2,0
49,299,24,0,1,2,1
45,322,35,1,0,0,1
29,210,156,0,0,1,0
1,364,33,1,1,1,1
37,112,133,1,0,1,1
25,367,174,1,1,2,0
50,349,30,0,1,2,1
59,111,100,0,0,1,0
30,122,151,1,0,2,1
57,124,176,1,1,0,1
45,161,162,1,0,1,1
40,206,49,0,1,0,0
36,252,163,0,1,1,0
27,395,13,0,1,1,0
9,334,67,1,0,0,1
50,232,55,1,1,0,1
37,118,170,0,0,2,1
37,81,72,1,1,0,1
4,324,19,0,1,2,1
36,210,167,0,0,2,0
26,264,108,1,0,0,1
54,398,30,1,0,2,0
40,102,97,0,0,0,0
40,395,18,1,0,0,1
44,243,4,0,0,1,0
44,104,129,1,1,2,1
38,258,163,0,1,2,1
57,101,55,1,1,1,0
40,303,41,0,0,0,0
47,121,95,1,1,0,0
15,239,57,0,1,0,1
33,346,12,1,1,0,0
44,229,67,1,1,0,0
17,168,156,1,1,2,1
39,245,160,1,1,1,1
42,391,17,1,1,2,1
51,299,23,0,0,0,0
2,350,41,1,0,2,1
55,171,150,1,1,0,1
22,346,68,1,1,2,1
51,222,148,0,1,1,1
43,131,158,1,0,1,0
19,381,43,1,0,0,0
43,347,110,0,0,2,0
8,376,168,0,0,2,0
54,255,17,0,1,2,1
26,181,70,1,0,0,1
14,249,24,1,1,0,0
19,188,57,1,1,2,0
39,313,172,1,1,0,0
60,338,153,1,0,1,1
41,96,91,0,0,1,0
25,320,126,0,0,0,0
31,132,7,1,0,1,1
30,155,76,0,0,1,0
44,104,1,0,1,2,0
17,275,48,1,1,0,1
49,262,84,0,1,2,0
2,317,31,0,0,1,0
32,274,157,1,1,1,0
59,360,24,1,0,1,1
50,101,40,1,1,0,0
22,148,142,0,1,0,0
42,387,173,1,1,2,0
57,133,165,1,1,2,0
8,237,37,1,0,1,0
12,200,154,0,0,0,0
2,270,68,1,1,2,1
47,262,110,1,0,0,0
59,159,78,1,1,2,1
8,297,150,1,0,0,1
1,140,165,1,1,0,1
39,190,97,0,1,2,0
13,107,179,0,1,0,1
26,101,144,1,1,2,1
49,143,10,0,1,1,0
14,186,68,0,0,1,0
17,382,50,0,0,2,0
36,221,72,0,1,2,0
14,104,167,1,1,1,1
37,247,21,0,1,1,1
9,165,136,0,1,1,1
37,125,73,0,0,1,0
41,193,126,1,0,0,0
53,129,166,0,0,1,0
3,162,9,1,0,2,1
58,134,23,1,1,1,1
55,286,177,0,1,0,1
5,201,59,1,1,1,1
48,279,31,1,0,1,1
57,85,122,1,1,0,1
32,187,145,1,1,0,0
40,319,37,0,1,1,1
18,220,38,1,1,1,0
42,112,96,1,1,1,1
17,360,151,1,1,2,1
18,159,126,1,0,1,1
41,319,24,0,0,1,1
45,335,71,1,1,2,1
10,256,124,0,1,2,0
47,165,145,0,1,1,0
19,219,171,0,0,2,0
3,288,153,1,0,1,1
43,302,97,0,0,1,0
19,202,82,0,1,1,1
19,252,65,1,0,0,0
20,216,45,1,1,2,1
46,360,39,0,1,1,0
28,134,60,1,0,0,1
24,275,87,0,1,2,0
10,94,139,0,1,0,0
12,131,44,1,1,0,1
60,105,25,1,1,1,0
59,338,85,1,1,0,0
3,121,158,1,1,1,1
50,202,115,1,0,0,0
36,305,82,0,0,1,1
60,166,144,1,0,2,0
53,203,104,0,0,0,0
52,241,34,0,1,0,1
2,275,56,0,1,1,1
24,380,52,1,0,0,1
39,190,164,0,0,0,0
40,347,118,1,1,2,0
44,156,16,1,0,0,0
8,307,138,0,1,1,0
5,259,170,0,0,1,1
3,111,67,0,0,0,1
12,92,38,1,1,2,1
16,216,98,0,0,0,0
58,289,68,0,1,1,1
21,328,172,0,0,2,0
15,192,128,1,1,1,1
16,244,149,0,0,2,0
46,131,59,1,1,0,1
16,327,3,1,0,1,0
56,90,47,1,1,2,0
51,177,158,1,0,2,1
33,343,175,1,1,2,1
47,108,44,1,1,0,1
26,134,157,0,0,2,0
46,255,91,0,1,1,1
45,395,16,1,1,1,1
47,101,76,1,1,0,0
44,183,77,0,0,0,0
40,234,28,1,0,0,1
38,284,9,0,1,1,0
20,338,158,1,1,0,1
53,114,96,1,1,2,0
53,349,180,1,1,0,1
51,94,154,0,1,1,0
1,295,166,1,0,2,0
40,280,13,0,0,2,0
56,87,153,1,0,0,0
7,353,15,1,1,1,0
24,142,143,1,0,2,1
46,276,135,0,1,2,0
23,127,139,1,1,0,1
41,110,142,1,1,1,1
22,338,6,0,0,2,0
43,370,169,0,0,1,1
33,149,134,0,0,0,0
52,131,161,1,0,2,1
10,342,165,1,1,2,0
44,212,12,0,0,0,1
38,208,13,0,1,1,0
40,228,94,0,1,0,0
25,371,133,0,0,1,0
2,184,24,1,1,2,1
42,388,124,0,1,0,0
19,325,12,1,1,2,1
46,310,16,0,0,1,0
12,361,8,0,1,1,1
36,129,148,1,0,2,0
14,181,29,0,0,0,1
22,357,171,0,0,0,0
1,357,83,1,1,1,1
14,115,48,0,0,2,0
57,335,134,1,0,2,1
36,278,142,0,1,0,0
46,290,59,1,1,1,0
38,224,86,0,1,2,1
46,279,104,0,1,0,1
52,108,111,0,1,1,0
51,342,178,0,0,1,0
38,150,126,0,1,1,0
3,241,138,0,1,2,0
38,347,49,1,0,0,0
8,387,166,0,1,1,0
45,250,45,0,0,0,0
36,102,104,0,0,1,0
18,314,48,0,1,2,0
43,230,145,0,1,1,0
25,279,13,1,1,1,1
41,166,73,1,0,1,0
16,300,25,1,0,1,1
26,83,168,0,0,0,1
31,364,1,0,0,1,1
51,211,180,1,0,0,1
23,316,171,0,1,0,1
22,165,53,0,1,2,0
56,266,7,0,1,0,0
2,230,95,0,0,2,0
31,377,126,0,0,1,0
40,392,74,1,1,2,0
48,390,21,1,1,1,0
11,231,25,1,1,0,0
2,372,22,0,1,0,0
25,133,137,0,0,0,1
40,324,94,1,0,0,0
28,253,113,0,0,2,0
43,143,168,0,0,0,1
19,205,143,0,1,1,0
16,348,90,1,0,2,1
8,137,33,1,1,2,0
52,251,156,0,0,2,1
58,275,119,1,0,1,0
18,93,106,1,1,0,1
20,287,55,1,0,1,1
11,395,70,0,0,1,1
10,99,160,0,1,0,1
7,158,92,0,1,1,1
25,104,76,0,1,0,1
53,144,50,0,1,1,1
6,297,20,0,0,0,1
29,117,48,1,0,0,1
30,246,41,1,1,1,0
29,283,75,0,1,1,0
12,126,164,0,1,0,1
53,131,140,1,1,0,0
3,196,66,1,1,0,0
46,249,138,0,0,2,0
1,96,67,1,0,2,1
60,144,46,0,0,1,0
44,301,104,1,1,0,0
60,260,123,0,0,1,0
49,125,176,0,0,2,0
26,272,1,1,0,0,0
46,125,74,1,0,2,1
31,303,47,0,1,0,0
4,84,9,1,0,0,1
2,225,148,1,0,1,1
19,271,75,0,1,1,0
34,314,62,1,0,0,0
21,348,153,1,1,0,0
21,217,166,0,0,0,0
22,236,78,0,1,0,0
6,275,83,1,1,1,1
13,269,82,1,1,0,0
43,109,139,1,0,2,1
36,279,70,1,1,2,0
38,112,88,1,0,0,1
24,338,173,1,1,2,1
12,266,165,1,0,1,1
43,269,133,0,1,2,1
6,93,6,1,0,1,1
41,85,11,1,0,0,1
55,393,166,1,1,0,1
18,111,62,1,0,1,1
7,377,148,0,0,2,0
49,101,89,0,1,1,1
28,169,39,0,1,1,1
57,177,165,1,0,2,0
14,231,168,1,1,0,0
28,227,13,0,0,0,1
22,199,27,0,1,2,0
12,200,106,1,0,2,0
16,321,28,0,1,0,1
14,387,129,1,0,2,1
12,134,155,1,0,1,0
22,400,77,0,0,2,0
23,145,87,0,1,0,1
6,223,8,1,0,0,1
14,134,11,1,0,1,1
4,363,131,1,1,1,0
23,138,6,1,1,2,1
20,173,140,1,1,0,1
59,93,72,0,0,0,0
42,111,29,1,1,0,1
55,247,1,0,1,1,1
14,197,44,1,0,0,1
54,247,178,1,0,1,1
23,174,115,0,1,0,0
32,218,48,0,0,2,0
33,393,25,1,1,1,1
31,150,85,1,0,1,0
44,134,165,1,1,0,1
27,147,88,1,0,2,1
16,331,5,0,1,1,0
15,236,82,0,1,2,1
30,174,144,0,0,1,0
7,319,21,1,1,1,1
47,186,170,0,1,1,0
30,179,114,1,0,0,1
54,398,168,0,1,1,0
6,118,126,1,0,1,1
56,288,40,0,0,1,0
53,241,111,1,1,1,1
34,83,117,1,0,1,1
28,213,1,1,1,1,1
12,222,22,1,0,1,1
14,355,41,0,0,0,1
22,256,9,0,1,1,1
13,299,68,0,1,2,1
18,189,21,0,1,1,1
21,374,152,1,1,1,0
58,191,7,0,0,0,1
45,196,98,0,0,0,0
28,240,115,0,1,1,0
19,289,86,1,1,1,0
51,197,61,1,0,1,1
55,236,89,1,1,0,0
7,98,113,1,0,0,1
20,193,155,0,1,2,1
5,98,134,0,1,1,1
47,148,135,0,1,1,0
1,137,147,1,1,0,1
5,166,108,0,0,1,0
8,94,161,1,1,1,0
11,281,84,1,0,1,0
52,253,18,0,0,1,0
53,130,22,0,0,1,1
37,363,101,1,0,2,0
11,235,168,0,0,2,0
51,136,11,0,0,2,1
28,379,88,0,0,1,0
29,179,120,1,1,2,0
28,361,83,0,1,0,0
28,338,65,1,1,0,1
38,181,60,1,0,1,1
11,264,77,1,0,0,0
53,371,79,1,0,0,0
57,240,17,1,0,2,0
39,283,144,0,0,1,0
31,236,180,0,0,1,0
4,190,88,1,0,0,1
54,134,75,0,0,0,1
29,297,121,1,1,0,1
47,210,25,0,1,0,1
58,204,7,0,1,0,0
31,394,158,0,1,0,1
36,318,88,0,1,0,0
49,99,76,0,1,2,1
29,157,108,1,0,1,1
13,358,153,1,1,2,1
13,350,144,1,1,2,0
32,276,45,1,1,2,1
29,192,150,1,1,2,0
35,230,139,1,1,1,1
60,262,46,0,0,0,0
37,317,66,1,1,1,0
40,136,151,1,1,2,0
44,299,67,0,1,0,0
16,382,107,0,0,2,0
34,161,112,1,1,0,0
50,143,29,0,0,0,0
59,367,139,0,1,2,1
19,278,47,1,1,0,1
46,379,26,0,1,2,1
35,358,61,1,0,1,0
6,95,119,1,0,2,1
44,275,4,1,1,0,0
4,371,62,1,1,1,1
51,258,34,0,0,0,0
44,195,110,1,0,0,1
9,134,180,0,1,2,0
35,390,73,0,0,2,0
51,245,47,1,1,1,0
25,103,145,0,0,0,1
37,133,162,1,1,2,0
40,201,178,0,0,2,0
51,274,78,0,1,0,0
32,298,136,1,0,1,0
33,166,30,0,1,2,0
48,236,52,0,1,1,0
54,277,99,0,0,1,0
8,97,119,0,0,1,1
45,339,8,1,0,2,1
8,129,73,1,1,2,1
33,276,114,0,0,0,0
27,84,58,0,0,1,0
5,114,110,0,1,0,1
15,303,156,1,0,0,1
27,157,27,1,0,1,1
14,300,170,0,1,0,0
29,320,146,1,0,0,1
39,88,47,0,0,1,1
47,146,72,1,0,2,1
52,364,42,1,1,0,1
9,101,68,0,1,1,1
9,350,126,0,0,2,0
8,307,173,0,1,1,0
60,399,60,1,1,1,1
26,359,50,0,0,0,1
17,105,112,0,1,1,1
35,254,152,1,1,1,0
8,101,178,1,0,2,1
59,276,7,0,0,1,0
25,271,172,1,0,1,1
20,158,108,1,1,1,0
23,336,32,0,0,0,0
32,383,91,1,1,0,0
49,352,68,0,1,1,1
32,113,120,1,0,2,1
36,333,22,1,1,2,1
37,110,10,0,0,1,1
37,289,137,0,1,2,0
38,321,55,0,0,2,0
52,207,159,1,1,0,1
12,197,109,0,0,2,0
20,384,86,1,1,1,0
10,342,60,1,1,1,1
48,299,66,1,0,1,1
12,284,127,0,0,0,1
35,326,142,0,1,2,1
27,344,130,1,1,0,1
30,153,75,1,1,1,1
11,129,29,0,1,0,1
12,312,174,0,1,0,0
25,254,163,0,1,1,1
5,262,112,1,1,1,1
22,176,76,1,0,1,0
40,293,133,0,1,0,1
15,240,24,0,1,2,0
2,179,136,0,1,1,1
44,323,154,0,1,2,1
29,390,97,1,0,2,1
22,181,67,1,1,1,1
31,92,111,1,1,1,0
37,155,147,0,1,1,0
13,291,64,0,0,2,0
9,208,79,0,0,2,1
34,334,66,1,0,1,1
44,374,120,0,0,2,0
47,320,160,1,1,0,1
35,203,136,1,0,2,1
16,314,170,1,1,0,1
35,191,152,1,1,1,0
14,200,12,1,1,2,1
24,86,144,0,1,0,1
57,292,65,0,0,0,0
38,250,119,1,0,0,0
58,112,112,1,1,1,1
13,135,34,0,0,1,0
27,230,17,0,0,1,1
57,210,65,1,1,0,0
12,373,36,0,1,0,0
4,245,11,1,1,2,1
51,228,107,0,1,2,0
43,346,63,0,0,2,0
6,370,143,1,0,1,0
31,200,99,0,0,2,0
44,118,94,0,0,1,0
35,244,63,0,0,2,0
23,261,55,0,1,1,0
45,118,151,0,1,0,1
42,169,47,0,0,0,0
20,313,12,1,1,1,0
47,169,50,1,0,1,1
35,95,44,0,1,0,1
13,362,9,0,0,1,0
9,163,82,1,0,2,0
36,225,123,0,1,0,0
49,96,48,0,0,0,1
60,118,35,0,0,2,0
44,374,174,0,1,2,1
35,194,109,0,0,2,0
22,269,138,0,0,2,0
4,144,132,0,0,1,0
35,122,25,1,0,0,1
39,397,174,0,0,0,1
8,145,120,0,0,1,0
60,259,121,0,0,0,0
14,132,121,0,0,2,1
13,270,150,1,1,2,0
31,354,100,1,1,0,0
35,365,88,1,0,2,0
15,338,170,0,0,2,0
48,311,60,1,0,1,0
9,310,32,1,1,1,1
34,231,140,1,1,0,1
34,191,173,1,0,0,0
54,208,39,0,1,2,1
12,177,48,0,0,1,1
28,200,42,0,0,2,1
38,210,102,0,1,0,0
32,238,30,0,1,2,0
6,316,26,1,0,2,1
51,272,30,0,0,2,0
27,227,29,1,0,0,0
33,216,34,1,0,0,0
34,122,115,0,0,0,0
14,372,19,0,1,0,1
17,130,137,1,0,1,1
9,280,86,0,0,2,0
13,113,46,1,0,0,0
3,378,82,0,0,2,0
26,377,162,1,1,1,0
14,145,113,0,0,2,1
24,87,142,0,0,0,0
44,183,117,0,1,1,1
17,246,139,0,0,1,0
50,89,63,1,1,0,1
56,376,116,1,0,2,1
33,360,171,1,0,0,1
41,97,147,0,0,2,1
31,204,19,0,1,2,0
19,172,105,1,0,2,0
8,268,69,1,0,0,0
53,114,106,1,1,1,1
34,343,8,0,1,2,0
39,376,17,1,0,1,1
40,350,110,1,1,0,1
10,99,91,0,1,0,1
45,152,94,0,1,1,0
59,185,28,1,1,0,0
34,221,176,1,0,0,0
28,288,66,0,0,1,0
39,320,31,0,1,0,0
45,116,148,1,1,0,1
49,274,156,0,0,2,1
38,263,89,0,0,2,0
46,342,57,0,0,1,0
60,216,15,1,0,1,1
9,342,177,1,1,2,0
33,100,31,1,0,0,1
45,82,172,1,1,2,1
4,240,57,0,1,0,1
29,237,79,0,0,2,1
37,302,110,1,1,1,0
19,301,91,1,0,0,0
56,280,163,1,0,2,1
45,365,143,1,1,1,0
28,81,31,0,0,2,1
21,282,175,1,0,0,0
38,192,60,0,1,1,0
42,338,159,1,0,2,1
44,139,163,0,0,2,0
48,115,108,0,1,1,1
20,400,92,1,1,2,1
4,332,1,1,0,1,1
7,127,176,0,1,2,1
8,224,123,1,1,2,0
46,156,166,1,1,1,1
45,196,117,0,1,0,0
21,165,90,1,0,2,0
23,224,112,0,0,2,0
59,299,80,0,0,2,0
47,391,171,0,1,0,1
17,135,26,0,0,1,1
33,195,96,1,0,2,1
29,138,157,0,0,0,0
43,187,143,1,1,2,1
57,239,49,0,0,1,0
40,229,119,0,0,2,0
41,367,82,1,0,2,0
30,349,31,0,1,1,0
33,364,89,1,0,0,1
37,133,151,1,1,1,1
60,227,155,0,1,0,0
15,294,47,0,0,2,0
26,157,8,1,0,1,1
59,195,44,0,1,0,0
33,245,177,0,1,2,1
30,164,72,0,1,1,0
59,352,83,1,1,0,0
6,189,118,0,0,1,0
32,228,152,0,0,0,0
58,304,171,0,1,2,1
39,347,98,0,0,0,0
59,384,153,0,1,1,0
27,237,124,0,1,0,1
46,187,104,1,0,1,0
24,279,145,0,1,2,0
51,354,12,0,0,2,0
32,89,163,1,1,2,1
35,358,163,1,1,1,1
43,287,174,0,1,1,0
8,342,35,1,0,0,1
30,384,97,1,0,0,0
18,302,56,0,0,1,1
55,301,142,0,0,1,0
9,399,49,1,1,0,1
37,277,109,1,1,0,1
4,370,134,0,1,2,0
23,343,91,1,0,1,1
25,200,53,0,1,2,1
11,122,150,0,0,0,0
59,183,93,0,0,2,0
42,397,85,0,1,1,1
30,330,77,0,0,0,0
1,94,150,0,1,1,1
24,146,48,1,0,1,0
7,178,102,1,0,2,0
48,122,176,0,0,1,0
24,169,82,0,1,2,0
16,251,158,1,0,1,0
6,224,28,1,1,2,1
24,247,65,0,0,1,0
15,379,80,0,1,1,1
43,313,109,0,0,0,1
17,179,102,1,0,0,1
39,244,55,0,1,2,1
56,320,153,0,1,2,0
16,379,163,0,1,1,0
24,239,25,0,1,1,0
13,191,29,1,0,2,0
26,288,172,0,0,1,0
16,204,8,0,1,0,0
18,174,31,0,1,2,0
45,369,19,0,0,1,1
4,143,58,1,0,2,1
6,197,178,1,0,1,1
53,165,160,0,1,0,0
59,289,172,1,1,1,1
39,158,176,1,1,2,0
41,200,135,0,1,2,1
52,150,61,1,1,0,0
37,225,82,0,1,0,1
47,280,96,0,1,2,0
56,340,178,1,1,1,0
56,117,55,0,1,0,1
37,163,145,1,0,0,1
30,352,105,0,0,1,0
56,294,178,1,1,0,0
54,314,20,1,1,0,1
21,348,69,0,1,1,0
4,246,13,0,1,1,1
41,96,1,0,1,0,1
35,260,29,0,0,0,0
4,359,99,0,1,1,0
55,204,141,1,1,1,1
6,287,172,0,0,1,1
33,394,58,1,0,2,1
33,161,13,0,1,2,1
8,149,75,0,1,0,1
3,247,81,0,1,1,1
7,235,3,1,0,0,0
58,146,84,0,1,0,0
25,124,20,0,0,2,1
30,114,127,0,0,2,0
58,142,144,0,0,1,1
36,292,57,0,1,0,1
38,214,99,1,0,2,1
36,141,30,1,1,2,1
24,316,150,0,1,2,1
56,293,72,1,1,2,1
30,278,8,0,1,1,0
3,373,127,0,0,1,1
28,315,138,0,0,2,1
20,288,51,0,0,1,1
46,128,101,0,0,1,1
57,316,135,0,0,1,1
53,206,77,1,0,1,0
26,395,152,0,0,0,0
4,217,154,0,0,1,0
44,196,24,1,0,2,0
55,159,85,1,0,0,0
19,311,125,0,1,2,1
31,341,144,0,1,2,0
43,171,78,1,1,2,0
59,351,61,0,0,0,1
8,375,87,0,0,0,0
16,255,162,1,0,1,0
49,271,128,0,0,0,0
55,161,169,0,0,1,1
56,202,92,0,1,2,1
4,274,112,0,1,0,1
56,123,140,0,0,2,0
10,203,19,1,0,2,1
31,223,129,0,0,2,1
37,257,65,1,1,0,0
1,241,58,1,0,0,0
13,358,131,0,1,1,0
15,359,26,0,1,2,1
50,146,34,1,0,0,1
27,112,112,0,1,0,1
59,184,168,0,0,2,0
5,276,102,0,1,0,1
28,373,80,0,1,1,1
25,240,107,0,0,2,0
6,96,27,1,1,1,1
33,90,164,0,1,2,1
49,333,165,1,0,1,0
55,294,147,1,1,0,0
36,170,12,1,0,1,1
32,120,76,1,1,1,0
1,328,77,1,1,1,1
9,266,145,1,1,2,1
4,320,38,0,1,1,1
53,280,94,0,0,1,0
18,253,164,1,1,2,1
7,253,86,1,1,0,1
60,256,25,1,0,1,1
24,276,173,1,1,1,0
49,115,36,0,1,1,0
47,306,18,1,1,1,0
27,214,96,0,0,2,0
18,197,29,0,0,0,0
28,167,82,0,0,0,1
44,235,105,0,0,2,0
19,127,77,0,0,2,1
49,87,87,1,0,0,1
2,379,16,1,0,2,1
20,130,86,0,0,1,0
32,246,125,1,1,2,0
30,206,2,0,1,0,0
34,330,168,0,1,2,0
34,349,19,1,0,0,0
20,302,71,1,1,0,1
31,358,47,0,1,0,0
50,399,175,1,1,1,0
47,267,64,1,0,2,0
23,103,152,0,1,0,0
40,257,44,0,0,0,0
31,100,114,1,0,0,1
37,135,135,0,1,0,1
5,266,81,0,1,2,0
38,308,76,1,0,0,1
35,223,138,0,1,2,1
58,264,23,1,0,2,1
23,213,67,0,1,0,1
8,302,1,0,0,1,0
5,217,22,1,1,1,0
24,360,34,1,0,0,0
17,153,97,0,0,0,1
40,105,70,1,1,1,1
4,95,142,0,0,1,0
44,133,132,0,0,0,1
35,394,40,1,0,2,0
16,80,179,0,1,0,1
52,157,104,1,1,1,0
16,301,118,0,1,2,1
40,147,173,0,0,0,1
30,383,12,1,1,2,1
2,269,52,0,0,2,1
36,266,133,1,1,2,1
11,252,171,1,0,2,0
60,325,100,1,0,0,0
38,348,71,0,1,0,0
39,108,152,0,0,0,0
36,297,178,0,0,2,0
28,85,122,1,1,2,1
38,148,160,1,1,0,1
10,378,69,1,1,2,1
50,268,34,1,1,0,1
55,357,127,0,0,0,1
13,197,45,1,1,2,1
48,176,22,1,0,0,0
32,196,100,1,0,2,0
47,251,40,1,1,2,1
27,94,133,1,1,2,1
28,139,42,1,1,0,1
23,273,88,0,1,2,0
48,297,151,0,0,0,0
58,192,132,1,1,2,1
40,224,26,1,0,0,0
3,313,135,1,1,2,0
11,251,174,1,1,2,1
57,374,113,1,0,2,0
19,234,17,1,0,1,0
19,224,9,0,1,1,1
2,135,38,1,1,1,1
43,181,119,1,1,0,0
17,228,145,0,1,2,0
30,258,13,1,0,2,1
34,391,164,1,1,0,1
13,197,25,0,0,2,0
35,116,55,0,0,0,0
47,278,176,1,1,2,0
35,239,64,0,0,2,1
46,261,144,1,0,0,1
53,187,37,0,0,2,0
60,321,118,0,0,1,0
18,255,151,0,0,2,0
45,319,19,1,0,0,1
56,198,48,0,1,2,1
4,157,63,1,0,0,0
34,292,131,1,0,2,0
55,348,179,0,0,1,0
51,169,159,1,0,0,0
47,105,109,0,1,2,0
43,354,149,1,0,1,0
38,357,30,0,0,0,0
18,392,68,0,1,2,0
50,204,4,0,0,2,1
11,157,145,1,0,0,0
26,171,145,0,0,0,1
20,267,144,1,1,1,0
31,228,78,0,1,1,0
21,136,146,1,1,0,1
57,362,95,0,1,2,0
10,304,60,0,1,1,0
39,206,62,1,0,1,1
58,139,39,0,0,2,1
4,270,104,0,0,2,0
20,305,12,1,1,2,1
12,353,156,0,1,1,1
13,233,155,0,0,1,0
48,148,177,1,1,0,1
31,108,177,0,0,2,1
21,156,38,1,1,1,0
37,319,157,1,1,0,1
54,345,159,0,0,2,0
3,372,56,1,1,0,1
13,381,146,1,1,0,1
23,322,46,0,0,2,0
50,185,61,1,0,0,1
20,94,16,0,0,1,1
28,251,51,1,1,0,0
3,109,139,0,0,1,1
47,307,88,1,0,2,1
8,190,90,0,0,0,0
42,146,164,0,1,0,0
13,216,106,1,0,0,1
11,191,16,1,0,2,0
28,209,130,0,0,2,0
36,212,87,0,1,0,0
45,112,166,1,1,1,1
44,220,139,0,1,0,0
14,181,117,1,1,0,0
14,128,43,1,0,2,0
1,107,138,1,0,0,1
4,154,141,1,0,1,0
60,293,129,1,1,2,1
43,88,17,0,1,1,0
25,393,164,0,0,2,1
19,274,78,1,1,1,1
46,98,104,0,0,1,1
45,345,15,0,0,2,0
35,282,15,1,0,2,1
44,138,68,0,1,1,1
1,107,111,0,0,2,0
59,81,179,1,0,0,1
41,144,68,0,0,1,0
53,269,53,0,1,1,0
30,167,16,0,0,1,0
19,95,166,0,0,1,0
43,187,172,1,1,0,1
1,260,150,0,0,1,1
50,304,66,0,1,0,0
11,319,108,0,1,0,1
17,169,173,1,0,0,1
9,259,101,0,1,1,1
38,357,53,1,1,0,0
57,235,20,0,1,0,0
41,344,17,1,0,2,1
13,355,13,0,1,1,0
28,249,158,0,0,2,1
52,383,98,1,0,2,0
59,86,116,0,1,0,1
59,375,25,1,0,1,1
10,298,112,1,0,0,0
31,184,88,1,0,0,1
15,379,66,1,1,2,0
3,292,164,1,0,1,1
28,224,114,0,1,2,0
35,296,62,0,0,1,0
43,235,104,0,1,0,1
50,182,166,1,1,0,1
43,348,18,1,1,2,0
60,170,147,0,1,1,0
30,366,95,0,0,0,0
33,259,25,0,1,2,1
26,123,24,1,1,1,1
22,315,2,1,1,2,1
48,305,130,1,1,0,1
51,88,62,1,0,0,1
52,287,53,1,1,0,1
54,181,53,1,0,1,0
24,381,80,0,0,1,0
32,216,90,1,0,0,0
21,132,120,0,1,2,0
18,351,5,0,1,1,1
59,180,110,0,1,1,1
22,153,78,1,1,0,1
4,174,28,1,0,2,1
24,271,179,1,1,0,0
55,258,11,0,0,2,0
35,291,85,1,0,2,1
59,130,52,1,0,0,1
44,94,5,0,1,1,0
15,136,113,0,1,2,1
35,196,152,0,0,2,0
7,200,57,0,0,1,1
39,333,173,1,0,1,1
53,265,130,1,1,0,1
13,299,161,1,1,0,1
57,222,136,0,0,1,1
50,304,10,0,0,2,0
30,206,165,1,1,2,1
20,192,135,0,1,0,1
43,87,36,1,0,1,1
33,249,91,1,1,2,1
7,324,47,0,0,2,1
35,337,175,0,0,2,1
33,363,149,1,0,1,1
28,147,34,1,1,0,1
32,265,2,0,1,0,0
10,251,2,0,0,0,1
15,304,94,1,1,0,0
45,378,154,0,1,1,0
23,221,143,0,1,2,0
22,365,94,0,0,1,1
24,81,102,1,1,1,0
50,395,18,0,1,2,1
51,218,57,1,0,2,1
31,368,26,0,1,2,0
56,93,21,1,1,2,1
53,280,16,1,1,2,1
50,314,142,1,0,1,0
52,331,21,1,0,0,1
26,324,157,0,0,1,0
18,340,20,1,0,2,0
11,223,161,1,1,2,1
49,112,120,0,0,0,0
37,118,50,1,1,2,1
56,360,82,0,0,1,1
40,187,78,0,0,1,0
28,374,154,1,1,1,0
12,301,86,0,0,1,0
5,368,154,1,0,2,0
49,329,170,1,0,1,0
35,93,7,0,1,2,1
18,319,84,0,1,2,0
44,127,29,1,0,2,1
51,181,30,1,0,0,1
26,312,139,1,1,1,0
31,162,14,1,0,0,0
50,400,59,0,1,1,1
26,314,64,0,1,2,1
36,391,55,1,1,0,0
48,400,132,1,0,1,0
60,233,20,1,0,1,1
40,264,65,0,1,1,1
28,261,104,1,1,0,0
8,80,45,1,1,1,1
6,112,110,1,0,0,1
36,375,127,1,1,2,0
48,203,96,0,1,2,1
20,164,176,1,0,0,1
49,323,4,0,1,1,0
59,119,99,0,1,1,1
46,348,152,1,0,0,0
36,357,10,0,1,1,0
15,203,127,0,1,0,1
17,280,40,1,0,0,0
40,320,6,1,0,0,0
30,144,83,1,1,0,1
51,240,81,1,1,1,0
54,214,102,0,0,1,1
56,87,6,1,0,0,0
18,229,44,0,1,2,0
46,270,141,1,1,2,1
25,119,149,1,1,0,0
47,216,80,0,1,2,0
1,336,77,0,0,0,0
42,140,179,1,0,2,1
9,260,96,0,0,0,0
13,353,77,0,0,1,0
35,329,7,0,0,0,0
35,307,94,0,1,1,1
7,375,133,0,1,0,0
6,393,173,1,0,0,0
54,333,72,0,0,0,1
29,203,92,0,0,0,1
20,345,107,0,0,2,1
19,259,54,1,1,2,1
29,101,7,0,0,0,0
24,144,165,1,1,1,1
13,316,169,1,1,2,0
55,245,103,1,0,2,0
60,165,145,0,1,0,1
30,279,59,0,1,1,0
51,127,156,1,1,1,1
38,230,92,1,0,2,0
23,107,65,1,1,0,1
59,178,106,1,1,1,1
33,245,1,0,0,1,1
10,296,54,1,1,1,1
39,246,56,0,0,2,0
13,172,29,0,0,0,0
45,225,73,1,0,0,0
57,230,123,1,1,2,0
20,308,118,0,1,1,1
52,118,26,1,1,1,1
9,375,27,0,1,1,0
3,191,110,0,0,1,0
23,102,90,0,1,1,1
29,123,176,1,0,1,1
1,101,137,1,1,0,1
48,187,39,1,0,2,0
42,328,130,0,1,0,1
28,111,159,1,1,1,1
40,145,180,0,0,2,1
55,389,47,1,0,2,0
5,239,113,1,0,0,1
31,93,150,1,0,0,0
14,175,88,0,0,2,1
24,151,21,0,1,0,0
33,305,22,0,0,2,1
43,341,143,1,0,2,0
40,386,55,0,1,1,0
13,373,51,1,0,0,1
23,364,71,0,1,1,1
21,232,7,0,1,0,1
7,315,12,0,0,0,0
29,135,127,0,0,2,0
17,244,120,1,1,1,1
60,400,62,1,1,0,0
50,108,19,1,1,0,1
8,310,162,0,1,2,0
9,151,30,0,1,0,0
3,117,144,1,1,2,1
4,117,33,1,1,0,1
27,170,30,1,1,0,1
15,162,7,1,0,1,0
31,162,2,0,0,1,1
27,149,56,1,1,0,0
25,94,53,1,0,2,1
41,219,118,0,0,1,0
50,291,110,0,1,1,1
39,113,51,1,0,0,1
19,256,156,1,1,1,1
46,291,78,1,0,0,0
9,202,60,1,1,0,0
60,160,57,1,1,1,1
28,343,177,1,0,0,1
7,330,47,0,1,0,0
60,263,176,0,0,2,1
56,334,126,1,0,2,0
35,152,53,1,1,1,0
49,351,79,0,0,1,0
16,134,48,0,0,1,0
31,329,102,0,1,1,0
47,112,72,1,1,0,0
38,225,123,0,1,0,0
9,396,52,0,1,1,0
23,276,111,0,0,1,0
33,208,173,0,1,2,0
32,116,50,0,0,0,1
25,196,143,0,1,2,0
32,200,70,0,0,2,0
42,229,133,1,1,1,1
50,271,53,0,0,0,0
32,106,6,1,1,2,1
51,342,68,0,0,2,0
54,186,142,1,0,2,0
46,375,16,1,0,2,0
33,334,157,1,0,0,1
1,93,140,1,1,0,1
18,158,8,1,1,0,0
32,263,24,0,0,2,1
42,355,121,0,0,1,1
38,116,29,1,0,0,1
2,299,139,0,0,0,1
25,310,52,0,1,1,0
38,101,155,1,0,2,0
53,309,110,1,0,2,1
26,133,173,0,0,2,0
20,298,39,1,1,2,1
29,385,136,1,1,1,0
54,277,40,0,1,2,1
54,340,39,1,1,0,1
23,349,5,0,0,0,0
9,182,125,1,1,2,1
16,256,69,1,0,0,0
4,316,61,0,0,0,0
32,177,54,1,0,0,1
45,182,26,1,1,0,0
42,192,50,0,0,2,0
24,336,175,0,0,2,0
29,298,54,0,1,0,1
40,104,25,1,0,2,1
35,101,42,0,0,1,1
33,109,70,0,1,0,1
30,259,45,0,0,2,0
37,362,94,1,0,2,0
21,159,166,1,1,2,1
53,86,96,0,1,2,0
26,169,109,1,0,2,1
5,254,133,0,0,0,0
5,172,76,0,0,0,0
37,130,13,0,0,0,0
19,212,154,0,1,0,0
14,308,98,0,0,1,1
14,248,85,0,1,0,1
58,332,5,1,1,2,1
49,369,131,1,1,1,0
12,163,77,1,0,1,0
44,255,108,1,1,2,0
8,241,11,0,1,2,0
48,340,132,0,1,2,1
45,99,155,0,1,2,0
13,322,47,1,1,1,1
17,197,106,0,0,1,1
55,241,147,0,1,0,1
28,368,102,0,0,0,1
54,191,48,0,0,2,0
20,331,109,0,0,1,0
30,323,20,0,0,1,0
28,329,176,0,1,0,1
7,121,137,1,0,2,0
1,252,84,1,1,0,1
58,86,158,1,0,0,0
3,246,29,0,0,1,1
3,248,14,1,0,0,0
10,83,1,1,1,2,0
17,260,69,0,0,0,0
45,222,46,0,0,1,0
43,397,124,0,1,1,0
44,347,134,0,1,2,0
48,245,109,1,1,2,1
56,108,50,0,0,2,1
37,152,176,1,0,2,0
5,350,38,0,0,0,0
19,215,1,0,0,2,0
48,145,138,1,1,2,0
17,149,123,1,1,2,1
20,151,15,0,0,0,1
17,261,58,1,0,0,0
20,273,9,1,0,1,0
22,252,116,1,0,0,1
42,383,105,0,1,0,0
24,154,75,1,1,1,1
31,269,54,0,0,1,0
43,164,51,0,0,2,0
41,84,137,0,1,1,1
5,287,123,1,0,0,1
42,360,176,0,0,1,1
26,244,96,0,0,2,0
36,141,127,0,0,2,1
10,204,21,0,0,2,1
13,219,91,0,1,1,1
35,341,139,1,1,1,1
23,110,60,1,1,1,1
39,206,24,1,1,1,1
17,296,47,1,0,0,0
30,213,65,1,0,2,1
11,291,116,0,0,2,0
43,229,72,1,1,1,0
43,259,84,1,1,1,0
19,82,120,1,0,1,1
53,189,115,0,1,2,1
51,353,93,0,0,1,0
53,322,68,0,0,0,0
17,376,131,0,0,1,1
10,108,43,1,1,2,1
42,362,170,0,0,2,0
48,103,32,1,1,1,0
8,165,74,1,1,2,0
43,278,11,0,1,0,0
58,275,88,1,0,2,1
42,191,16,0,1,1,0
12,103,12,1,1,1,1
53,389,79,1,1,0,0
55,294,75,0,1,1,0
12,221,68,1,1,2,1
26,338,123,1,1,1,1
32,266,18,0,0,1,0
50,151,84,0,1,1,1
24,211,68,1,1,1,1
2,372,91,1,0,2,1
52,168,71,0,0,2,0
40,132,71,1,1,0,1
32,97,27,1,0,1,0
18,101,135,1,1,0,0
30,400,12,1,0,0,1
7,389,40,1,1,2,1
22,321,110,1,0,2,1
25,290,31,0,0,1,1
14,325,155,1,0,2,0
21,99,55,0,1,1,0
28,201,12,1,1,2,0
1,378,110,1,0,1,0
57,265,11,1,1,1,1
25,214,106,1,1,2,0
1,394,118,1,0,1,1
50,189,148,1,1,1,0
28,238,109,1,1,2,1
33,306,155,0,1,0,0
38,149,45,0,1,0,0
44,219,167,0,1,2,0
54,379,138,0,0,0,0
38,332,130,0,1,0,0
59,394,32,1,0,1,0
55,142,48,0,0,0,1
38,207,117,1,0,0,0
42,369,118,1,0,2,1
24,310,119,0,1,0,0
41,188,47,0,0,0,0
49,232,41,1,1,0,0
27,108,138,1,1,1,0
25,290,102,0,1,0,1
37,276,102,0,1,0,1
30,367,172,0,0,1,0
52,324,113,1,1,0,1
21,378,25,0,1,0,0
16,141,109,0,0,2,1
1,385,169,1,1,1,1
16,163,95,1,1,1,0
55,349,96,1,0,0,0
17,180,130,0,0,0,1
53,352,131,1,1,1,1
15,154,76,0,1,0,1
35,270,64,1,1,2,1
14,110,45,1,1,2,1
17,305,62,1,0,0,1
30,94,169,0,1,2,1
6,222,29,0,1,1,0
34,181,152,1,1,2,0
27,144,114,1,1,1,1
1,279,100,0,0,2,1
54,377,50,0,0,2,0
7,117,27,1,1,1,1
55,149,7,0,1,1,1
42,245,4,0,1,1,1
9,213,52,1,0,0,0
41,169,73,1,0,2,1
49,205,116,0,0,0,0
38,88,41,0,1,1,1
6,345,63,0,0,2,1
44,237,53,1,0,1,1
45,201,133,0,0,1,0
57,362,125,0,1,2,1
20,281,158,0,0,2,0
15,329,58,1,1,1,0
17,367,39,0,1,0,1
40,337,142,1,1,0,0
19,320,82,1,1,2,0
19,354,145,0,0,1,0
37,359,132,1,1,1,0
7,89,17,1,0,1,1
21,211,121,0,0,2,1
2,211,79,0,1,2,1
52,354,45,0,1,0,0
49,96,4,0,1,0,1
53,309,92,0,1,2,0
21,277,79,0,1,1,1
43,200,112,0,1,0,0
33,150,172,0,0,2,0
2,136,143,0,1,1,0
49,321,97,0,1,2,1
46,328,107,1,1,2,1
38,80,54,0,0,1,0
6,87,173,0,1,1,0
37,133,96,0,0,0,0
34,329,47,0,0,1,1
33,384,75,0,1,1,0
53,200,85,1,1,0,1
58,274,69,1,1,1,1
23,307,112,0,0,1,0
28,275,119,0,0,1,1
29,371,76,1,0,1,1
35,371,155,1,1,2,0
60,133,88,0,1,1,1
28,221,141,1,0,1,1
3,106,16,1,1,1,1
10,98,138,0,0,2,1
39,192,93,0,0,1,0
9,137,99,0,1,1,1
48,326,125,0,0,0,0
59,172,38,0,0,1,1
29,82,108,1,0,2,0
31,172,88,1,1,0,0
59,228,66,0,0,0,0
25,155,56,0,1,1,0
60,272,11,0,0,0,1
13,397,91,0,0,0,0
60,269,120,0,0,0,0
30,345,88,0,1,1,0
55,247,1,1,1,2,1
49,381,110,0,1,0,1
12,86,36,0,0,1,1
58,274,163,1,1,2,1
55,338,33,1,1,1,1
28,157,172,1,0,1,1
38,85,180,1,1,2,1
40,195,157,0,1,0,0
40,359,176,1,0,1,0
54,88,78,1,0,0,1
29,268,151,0,0,1,0
53,217,128,0,1,2,0
24,345,23,1,0,1,1
45,159,104,1,1,1,0
30,144,30,1,1,1,0
42,111,81,0,0,1,0
21,258,94,0,1,0,0
41,387,8,0,0,0,0
43,303,155,0,0,2,0
20,181,100,1,0,1,0
42,256,136,0,0,0,1
6,200,117,0,1,0,0
33,102,112,0,0,2,0
57,112,126,0,1,1,0
40,257,152,0,1,0,0
60,166,50,1,0,0,1
17,253,150,0,0,2,0
38,243,34,0,0,0,1
56,198,105,0,1,2,0
10,294,10,0,0,1,1
14,243,110,1,0,2,1
10,181,31,0,0,2,0
12,92,41,0,0,2,1
39,180,24,1,0,1,0
4,375,70,0,1,0,1
57,363,17,1,1,1,1
52,122,21,1,1,0,1
50,176,51,0,0,0,0
59,315,12,0,1,1,0
46,131,86,0,1,0,1
16,388,101,0,0,2,0
51,320,54,1,1,0,0
44,116,82,0,1,1,1
41,248,72,0,0,2,0
27,376,56,0,1,2,0
4,196,54,0,0,0,1
60,215,41,0,1,1,0
28,331,69,0,0,2,0
4,295,31,0,1,1,1
7,81,158,1,0,2,0
6,200,141,0,1,0,1
32,213,116,1,0,2,1
14,218,51,1,1,2,1
8,304,160,1,1,2,1
56,385,63,0,1,0,0
40,190,119,0,1,0,0
41,291,58,0,0,2,0
11,297,126,0,1,0,0
52,120,110,1,1,1,0
12,374,5,1,0,2,1
49,347,48,0,0,0,0
48,156,26,0,1,0,0
15,101,40,1,1,1,0
28,218,15,0,0,0,0
52,89,83,0,0,2,0
57,218,29,0,0,1,0
57,174,13,1,0,2,1
60,110,104,0,1,1,1
12,212,6,0,0,2,0
12,174,154,0,1,1,1
60,325,126,0,0,2,1
60,246,113,0,0,2,0
58,282,93,1,0,0,0
38,206,127,1,1,2,0
45,300,132,1,1,0,0
50,368,139,1,0,2,1
25,112,162,0,0,2,0
45,377,52,1,1,0,0
11,186,12,1,0,2,1
36,336,89,1,0,2,0
56,144,124,1,0,0,1
52,169,5,1,1,0,1
15,373,107,0,0,2,0
21,301,157,1,0,1,0
20,102,35,0,0,1,0
30,358,138,1,1,2,1
18,106,131,0,0,2,0
23,99,103,1,1,1,0
10,341,180,0,1,0,1
56,359,152,1,0,2,1
1,211,35,1,0,0,1
39,145,39,1,0,0,1
24,251,67,1,0,2,1
29,369,32,1,0,0,0
46,199,156,0,0,2,1
47,218,23,0,1,1,0
1,133,103,1,0,0,1
19,133,122,1,1,1,1
18,120,107,1,0,0,1
24,146,3,1,0,1,1
49,258,53,1,1,2,0
25,295,82,0,1,0,0
12,142,68,1,0,0,1
20,172,81,1,1,0,0
3,308,94,0,1,0,1
7,161,83,0,0,2,0
48,207,3,1,0,0,1
39,270,79,0,1,1,0
6,375,53,1,1,1,1
20,104,117,0,0,0,1
18,395,30,1,0,2,1
51,303,73,1,0,2,1
55,191,38,1,1,0,1
54,255,116,0,1,1,0
9,158,66,1,0,0,1
55,326,100,1,0,0,1
9,89,161,0,0,2,1
53,248,154,1,0,2,1
8,83,168,1,1,0,0
60,214,154,0,0,0,0
48,146,41,1,0,0,0
14,280,49,1,0,0,0
12,186,92,1,0,1,1
1,278,25,0,0,1,1
53,92,159,1,1,1,1
38,101,28,0,1,0,1
51,244,69,0,1,0,1
17,329,178,0,1,1,0
11,311,81,0,0,0,1
52,98,145,0,1,2,1
51,297,3,0,1,2,1
3,182,53,0,0,2,1
24,97,29,1,0,2,1
34,273,6,1,0,0,1
24,80,138,0,1,2,1
30,266,95,1,0,2,1
16,163,88,0,1,2,0
20,95,123,0,1,0,0
49,310,172,0,0,2,0
34,387,31,0,1,0,1
8,192,61,0,0,1,0
53,164,23,0,1,2,0
44,256,105,0,1,2,1
53,293,46,1,1,1,1
23,305,42,1,1,0,1
22,363,44,1,1,1,0
4,247,120,1,0,1,0
33,294,41,0,1,0,0
56,287,163,0,1,2,0
47,155,58,1,1,2,1
10,227,37,0,1,0,0
57,88,91,1,0,1,0
59,149,109,0,0,1,1
4,391,20,0,1,1,1
30,292,77,1,1,2,0
56,216,144,1,1,1,0
31,365,15,0,0,1,0
23,341,150,1,1,1,0
6,161,154,0,1,0,0
9,105,48,0,0,1,0
33,110,15,1,1,1,1
30,265,1,1,0,2,1
34,320,120,0,0,2,1
29,336,87,0,0,2,0
52,87,69,1,1,0,0
1,382,164,0,1,2,1
51,321,1,1,0,0,1
15,343,97,1,0,1,0
22,101,77,0,1,0,1
50,275,171,1,1,0,1
26,398,53,0,1,0,1
1,83,150,1,0,1,0
25,399,40,0,0,2,0
5,149,153,0,1,0,0
52,305,159,0,0,1,0
44,108,87,0,0,1,1
59,137,2,1,1,0,1
47,164,31,1,0,1,0
33,112,13,1,0,0,0
35,118,116,0,1,0,1
43,370,170,0,1,0,1
4,173,118,0,0,2,0
36,308,66,0,1,0,0
8,88,111,0,1,1,0
37,128,158,1,1,1,0
46,217,70,0,1,0,1
52,334,77,1,1,0,0
45,204,167,0,1,1,0
30,214,133,1,1,0,0
25,370,130,1,0,1,0
7,364,96,0,1,2,0
14,255,169,0,1,2,1
6,217,170,1,0,1,0
24,210,70,1,0,2,1
15,357,91,0,1,1,0
57,335,176,1,1,1,1
1,96,175,1,0,2,0
18,296,85,0,0,1,1
14,288,93,0,1,0,0
31,260,177,1,0,1,0
32,174,149,1,0,0,0
56,285,23,0,1,1,0
27,97,103,0,1,2,1
41,317,35,0,1,2,1
42,217,120,1,1,0,1
23,392,93,1,0,0,0
58,332,86,1,1,2,0
1,320,32,1,1,1,1
1,86,175,1,0,0,0
12,166,59,1,0,1,0
53,359,90,1,1,0,1
46,393,170,1,1,1,1
19,191,89,0,1,2,0
44,228,144,1,1,2,0
34,153,86,0,0,1,0
40,347,156,1,0,2,0
20,319,110,0,0,1,1
47,118,87,1,1,1,0
40,107,22,0,0,2,0
32,150,136,0,0,1,0
26,169,50,1,0,0,1
54,221,136,0,0,1,0
35,324,14,1,0,2,1
23,134,46,1,1,0,0
23,376,165,0,0,1,0
19,321,170,0,0,1,0
10,226,166,0,1,1,1
38,124,26,1,0,1,1
38,160,108,0,1,0,1
10,156,176,0,0,0,1
32,289,29,0,0,1,1
43,139,162,1,0,1,0
11,383,105,0,1,0,1
32,399,149,1,0,0,1
28,275,179,0,1,1,0
3,229,25,0,1,0,1
6,336,135,0,1,2,0
55,198,113,1,1,1,0
51,102,95,0,1,2,0
59,207,173,0,1,2,0
16,281,148,1,0,2,1
13,173,152,1,1,1,0
55,381,164,0,0,0,0
5,373,15,0,1,2,0
5,145,8,0,0,0,1
54,225,90,1,1,2,1
59,121,168,1,1,2,1
34,245,158,0,1,0,0
38,228,180,1,0,0,1
1,107,116,1,0,0,1
29,273,35,0,1,2,1
33,155,61,0,1,0,0
44,144,110,1,0,1,1
47,222,1,0,0,0,0
13,337,79,1,0,1,0
35,393,142,0,0,2,0
60,284,48,0,0,2,0
54,114,57,0,1,0,1
34,357,38,0,0,1,0
6,367,33,0,0,1,0
33,331,122,0,0,0,0
55,148,157,1,0,1,0
33,109,179,0,1,2,0
39,248,159,1,1,1,1
58,348,53,1,0,2,0
47,116,41,1,0,0,1
54,279,36,1,0,1,1
17,127,174,1,1,1,1
6,168,56,1,1,1,1
40,270,140,0,1,1,0
17,271,84,1,1,2,1
45,127,60,0,1,0,1
53,297,57,0,0,1,0
11,206,76,0,0,0,0
60,321,178,1,0,2,1
31,228,10,1,1,0,0
31,373,63,1,0,0,0
13,304,139,0,1,2,0
3,216,26,1,1,2,1
39,184,8,0,0,1,0
27,248,22,1,0,1,1
43,224,127,1,0,2,1
56,171,86,1,1,1,1
26,285,110,1,1,0,1
20,338,76,0,0,0,1
12,105,5,0,0,2,0
24,328,159,0,1,2,0
56,315,145,0,1,2,1
31,290,145,1,0,2,0
59,81,162,0,0,1,0
13,178,63,1,1,1,1
11,89,24,1,1,0,1
11,334,81,0,1,0,0
51,137,158,1,0,2,1
22,365,115,0,0,0,1
11,362,44,0,1,1,0
24,397,56,0,1,2,0
15,179,158,0,0,1,0
5,288,118,1,1,0,0
35,216,115,0,0,2,1
55,116,121,0,0,1,1
45,396,4,1,0,0,0
31,278,28,0,1,2,0
17,395,97,0,1,0,1
58,200,78,1,0,0,1
31,116,72,0,0,2,1
10,265,11,0,1,2,1
47,132,58,1,0,0,1
38,224,121,1,0,2,1
33,139,35,1,0,1,0
23,84,110,1,0,0,1
3,130,71,1,0,2,1
38,174,73,0,0,2,1
46,245,32,1,0,1,1
52,272,80,1,1,2,1
25,107,95,1,1,1,1
22,129,48,0,1,0,0
10,370,88,0,0,1,0
17,387,32,0,0,1,0
40,208,31,1,1,0,0
4,89,177,1,0,2,0
4,281,159,0,1,1,1
47,301,80,0,1,2,1
46,284,76,1,1,0,1
23,367,87,1,0,0,1
34,391,132,1,0,0,0
34,391,79,1,1,1,1
17,316,113,1,1,1,0
29,330,89,0,1,2,0
25,377,2,1,0,2,0
40,392,101,0,0,0,0
45,250,79,0,0,0,0
43,142,159,0,0,0,0
5,298,95,0,0,2,0
32,249,32,1,0,2,0
48,182,178,1,0,2,1
26,339,49,0,1,0,1
46,200,173,0,0,1,0
29,321,102,0,0,2,0
43,148,172,0,1,1,1
8,289,110,0,1,2,1
54,246,137,0,0,0,0
18,366,46,1,0,0,1
28,256,114,1,0,1,0
2,172,169,0,0,2,1
53,385,43,0,1,2,0
44,331,21,0,0,0,1
4,153,164,0,1,1,0
45,280,56,0,0,1,1
35,334,66,0,0,0,1
24,229,169,1,0,2,0
11,208,60,0,0,1,0
14,218,97,0,0,2,0
28,385,14,1,0,2,0
3,282,35,0,1,1,1
5,347,5,0,1,0,1
43,184,126,0,0,1,0
10,247,165,1,1,2,0
59,89,49,1,0,0,1
44,245,166,0,1,1,0
38,103,169,0,0,2,0
8,391,123,0,0,1,1
13,188,10,0,0,0,0
51,343,152,0,1,0,0
42,383,171,1,0,0,1
9,397,52,1,1,1,1
5,295,179,1,1,1,1
6,275,56,0,1,1,0
46,122,38,0,1,2,0
53,169,82,1,1,0,0
34,95,55,1,1,2,0
40,134,35,0,1,1,1
53,302,103,0,0,2,0
23,213,150,1,0,2,0
35,88,31,0,1,1,0
38,156,62,1,0,1,0
11,328,40,0,1,1,0
47,153,14,1,0,1,0
45,175,153,1,0,0,0
30,108,4,0,0,2,1
14,285,157,0,0,2,0
54,293,159,1,0,0,1
43,243,80,0,0,0,1
7,235,72,0,1,2,0
32,351,22,1,0,2,0
24,216,19,0,1,0,0
43,199,164,0,1,1,0
12,382,62,1,1,1,1
36,348,153,0,1,1,0
25,324,54,1,1,1,1
15,305,132,0,0,1,0
57,273,159,0,1,2,0
9,137,42,1,1,0,1
36,155,173,0,1,0,0
7,333,96,1,0,0,1
35,91,93,1,1,0,0
50,203,56,1,0,0,0
15,357,91,0,0,0,0
26,245,126,1,1,1,1
45,331,31,0,0,0,1
3,349,156,0,0,1,1
2,311,49,1,1,1,1
18,347,80,1,0,1,0
60,284,115,1,0,2,1
19,120,43,1,0,1,1
40,265,175,1,0,0,0
58,362,108,1,0,1,0
55,182,22,1,1,1,0
20,304,118,0,0,1,0
5,109,160,1,1,0,1
35,276,17,0,0,0,1
21,119,38,1,0,0,1
9,234,79,0,1,0,0
47,226,46,0,1,1,0
17,230,124,1,0,2,0
41,315,35,1,0,0,0
2,309,113,1,0,1,0
46,347,148,0,0,0,0
20,260,33,0,0,0,0
16,281,68,0,0,2,0
45,164,99,0,1,2,0
45,232,66,1,1,1,1
41,149,63,0,0,1,0
48,303,147,1,1,2,1
31,149,11,0,1,2,0
35,160,52,1,1,2,0
28,172,177,0,0,0,0
35,178,125,0,0,0,0
29,158,85,0,0,1,0
42,160,161,0,0,0,0
46,101,26,0,0,1,1
30,183,173,1,0,1,0
28,104,179,1,0,1,0
38,93,168,0,1,1,1
16,257,137,1,1,1,0
29,300,121,0,1,2,0
52,141,142,0,1,1,0
56,392,110,0,0,0,0
57,108,67,1,0,2,1
60,182,180,0,1,0,1
42,128,130,1,0,0,1
39,216,32,0,0,1,0
59,338,157,1,0,0,0
9,355,160,0,0,0,0
13,263,57,0,0,2,0
59,285,62,1,0,2,1
44,117,26,0,0,0,1
25,331,59,1,0,2,0
1,133,10,0,0,1,1
39,200,83,0,0,1,1
3,268,118,1,0,0,1
35,294,38,1,1,1,1
2,307,175,1,0,0,1
17,317,149,1,1,2,1
56,113,79,1,1,2,1
35,252,96,0,1,0,1
12,206,28,0,1,1,1
42,380,164,0,1,0,1
24,341,121,0,0,1,0
24,253,106,1,0,0,1
40,162,85,0,1,1,1
7,136,83,1,0,2,1
41,201,154,0,1,1,1
23,260,131,1,1,2,1
18,228,11,1,1,2,0
39,153,124,1,1,2,1
15,363,72,0,1,2,0
34,307,65,0,1,2,1
32,232,34,0,0,0,0
51,304,82,0,1,2,0
60,308,96,1,1,0,1
37,266,53,0,1,2,1
26,227,25,0,1,2,0
1,144,172,0,1,1,1
40,129,46,0,1,2,1
34,83,125,1,0,2,0
57,386,130,1,0,0,1
42,134,60,1,1,1,1
31,214,95,0,1,0,0
50,329,147,1,0,2,0
37,85,154,0,1,1,0
57,304,138,0,0,2,0
27,104,145,0,1,2,1
44,102,145,1,0,1,0
40,294,90,1,1,1,0
32,275,151,0,0,1,0
21,211,108,1,0,1,0
45,147,175,1,1,0,1
41,290,109,1,0,1,1
7,131,163,0,0,2,1
31,333,93,0,0,0,0
24,400,109,0,1,1,1
44,136,31,1,1,2,1
